"../../../Engine/Plugins/Animation/ACLPlugin/Content/ACLAnimCurveCompressionSettings.uasset" 0
"../../../Engine/Plugins/Animation/ACLPlugin/Content/ACLAnimCurveCompressionSettings.uexp" 1
"../../../Engine/Plugins/Animation/ACLPlugin/Content/ACLAnimBoneCompressionSettings.uasset" 2
"../../../Engine/Plugins/Animation/ACLPlugin/Content/ACLAnimBoneCompressionSettings.uexp" 3
"../../../Engine/Plugins/2D/Paper2D/Content/PlaceholderTextures/DummySpriteTexture.ubulk" 4
"../../../Engine/Plugins/2D/Paper2D/Content/PlaceholderTextures/DummySpriteTexture.uasset" 5
"../../../Engine/Plugins/2D/Paper2D/Content/PlaceholderTextures/DummySpriteTexture.uexp" 6
"../../../Engine/Plugins/2D/Paper2D/Content/DummySprite.uasset" 7
"../../../Engine/Plugins/2D/Paper2D/Content/DummySprite.uexp" 8
"../../../Engine/Plugins/2D/Paper2D/Content/DefaultPaperTerrainMaterial.uasset" 9
"../../../Engine/Plugins/2D/Paper2D/Content/DefaultPaperTerrainMaterial.uexp" 10
"../../../Engine/Content/Animation/DefaultVariableFrameStrippingSettings.uasset" 11
"../../../Engine/Content/Animation/DefaultVariableFrameStrippingSettings.uexp" 12
"../../../Engine/Content/Animation/DefaultRecorderBoneCompression.uasset" 13
"../../../Engine/Content/Animation/DefaultRecorderBoneCompression.uexp" 14
"../../../Engine/Content/EngineSounds/Master.uasset" 15
"../../../Engine/Content/EngineSounds/Master.uexp" 16
"../../../Engine/Content/EngineMaterials/DefaultPhysicalMaterial.uasset" 17
"../../../Engine/Content/EngineMaterials/DefaultPhysicalMaterial.uexp" 18
"../../../Engine/Content/EngineMaterials/DefaultDestructiblePhysicalMaterial.uasset" 19
"../../../Engine/Content/EngineMaterials/DefaultDestructiblePhysicalMaterial.uexp" 20
"../../../Engine/Content/EngineFonts/Faces/DroidSansFallback.uexp" 21
"../../../Engine/Content/EngineFonts/Faces/DroidSansFallback.uasset" 22
"../../../Engine/Content/EngineFonts/Faces/DroidSansFallback.ufont" 23
"../../../Engine/Content/EngineFonts/Faces/RobotoRegular.uexp" 24
"../../../Engine/Content/EngineFonts/Faces/RobotoRegular.uasset" 25
"../../../Engine/Content/EngineFonts/Faces/RobotoRegular.ufont" 26
"../../../Engine/Content/EngineFonts/Faces/RobotoLight.uexp" 27
"../../../Engine/Content/EngineFonts/Faces/RobotoLight.uasset" 28
"../../../Engine/Content/EngineFonts/Faces/RobotoLight.ufont" 29
"../../../Engine/Content/EngineFonts/Faces/RobotoItalic.uexp" 30
"../../../Engine/Content/EngineFonts/Faces/RobotoItalic.uasset" 31
"../../../Engine/Content/EngineFonts/Faces/RobotoItalic.ufont" 32
"../../../Engine/Content/EngineFonts/Faces/RobotoBoldItalic.uexp" 33
"../../../Engine/Content/EngineFonts/Faces/RobotoBoldItalic.uasset" 34
"../../../Engine/Content/EngineFonts/Faces/RobotoBoldItalic.ufont" 35
"../../../Engine/Content/EngineFonts/Faces/RobotoBold.uexp" 36
"../../../Engine/Content/EngineFonts/Faces/RobotoBold.uasset" 37
"../../../Engine/Content/EngineFonts/Faces/RobotoBold.ufont" 38
"../../../Engine/Content/EngineFonts/Roboto.uasset" 39
"../../../Engine/Content/EngineFonts/Roboto.uexp" 40
"../../../Engine/Content/EngineFonts/Faces/DroidSansMono.uexp" 41
"../../../Engine/Content/EngineFonts/Faces/DroidSansMono.uasset" 42
"../../../Engine/Content/EngineFonts/Faces/DroidSansMono.ufont" 43
"../../../Engine/Content/EngineFonts/DroidSansMono.uasset" 44
"../../../Engine/Content/EngineFonts/DroidSansMono.uexp" 45
"../../../Engine/Plugins/Interchange/Runtime/Content/Pipelines/DefaultTexturePipeline.uasset" 46
"../../../Engine/Plugins/Interchange/Runtime/Content/Pipelines/DefaultTexturePipeline.uexp" 47
"../../../Engine/Plugins/Interchange/Runtime/Content/Pipelines/DefaultSceneLevelPipeline.uasset" 48
"../../../Engine/Plugins/Interchange/Runtime/Content/Pipelines/DefaultSceneLevelPipeline.uexp" 49
"../../../Engine/Plugins/Interchange/Runtime/Content/Pipelines/DefaultSceneAssetsPipeline.uasset" 50
"../../../Engine/Plugins/Interchange/Runtime/Content/Pipelines/DefaultSceneAssetsPipeline.uexp" 51
"../../../Engine/Plugins/Interchange/Runtime/Content/Pipelines/DefaultMaterialXPipeline.uasset" 52
"../../../Engine/Plugins/Interchange/Runtime/Content/Pipelines/DefaultMaterialXPipeline.uexp" 53
"../../../Engine/Plugins/Interchange/Runtime/Content/Pipelines/DefaultMaterialPipeline.uasset" 54
"../../../Engine/Plugins/Interchange/Runtime/Content/Pipelines/DefaultMaterialPipeline.uexp" 55
"../../../Engine/Plugins/Interchange/Runtime/Content/Pipelines/DefaultGLTFSceneAssetsPipeline.uasset" 56
"../../../Engine/Plugins/Interchange/Runtime/Content/Pipelines/DefaultGLTFSceneAssetsPipeline.uexp" 57
"../../../Engine/Plugins/Interchange/Runtime/Content/Pipelines/DefaultGLTFPipeline.uasset" 58
"../../../Engine/Plugins/Interchange/Runtime/Content/Pipelines/DefaultGLTFPipeline.uexp" 59
"../../../Engine/Plugins/Interchange/Runtime/Content/Pipelines/DefaultGLTFAssetsPipeline.uasset" 60
"../../../Engine/Plugins/Interchange/Runtime/Content/Pipelines/DefaultGLTFAssetsPipeline.uexp" 61
"../../../Engine/Plugins/Interchange/Runtime/Content/Pipelines/DefaultAssetsPipeline.uasset" 62
"../../../Engine/Plugins/Interchange/Runtime/Content/Pipelines/DefaultAssetsPipeline.uexp" 63
"../../../Engine/Plugins/Animation/ControlRig/Content/Controls/DefaultGizmoLibraryNormalized.uasset" 64
"../../../Engine/Plugins/Animation/ControlRig/Content/Controls/DefaultGizmoLibraryNormalized.uexp" 65
"../../../Engine/Content/MobileResources/HUD/VirtualJoystick_Thumb.uasset" 66
"../../../Engine/Content/MobileResources/HUD/VirtualJoystick_Thumb.uexp" 67
"../../../Engine/Content/MobileResources/HUD/VirtualJoystick_Background.uasset" 68
"../../../Engine/Content/MobileResources/HUD/VirtualJoystick_Background.uexp" 69
"../../../Engine/Content/MobileResources/HUD/DefaultVirtualJoysticks.uasset" 70
"../../../Engine/Content/MobileResources/HUD/DefaultVirtualJoysticks.uexp" 71
"../../../Engine/Content/EngineResources/GradientTexture0.uasset" 72
"../../../Engine/Content/EngineResources/GradientTexture0.uexp" 73
"../../../Engine/Content/EngineResources/Black.uasset" 74
"../../../Engine/Content/EngineResources/Black.uexp" 75
"../../../Engine/Content/EditorResources/S_Actor.ubulk" 76
"../../../Engine/Content/EditorResources/S_Actor.uasset" 77
"../../../Engine/Content/EditorResources/S_Actor.uexp" 78
"../../../Engine/Plugins/NNE/NNEDenoiser/Content/NNEDTOM_Output_Default.uasset" 79
"../../../Engine/Plugins/NNE/NNEDenoiser/Content/NNEDTOM_Output_Default.uexp" 80
"../../../Engine/Plugins/NNE/NNEDenoiser/Content/NNEDTOM_Output_Alpha.uasset" 81
"../../../Engine/Plugins/NNE/NNEDenoiser/Content/NNEDTOM_Output_Alpha.uexp" 82
"../../../Engine/Plugins/NNE/NNEDenoiser/Content/NNEDTIM_ColorAlbedoNormal_Default.uasset" 83
"../../../Engine/Plugins/NNE/NNEDenoiser/Content/NNEDTIM_ColorAlbedoNormal_Default.uexp" 84
"../../../Engine/Plugins/NNE/NNEDenoiser/Content/NNEDTIM_ColorAlbedoNormal_Alpha.uasset" 85
"../../../Engine/Plugins/NNE/NNEDenoiser/Content/NNEDTIM_ColorAlbedoNormal_Alpha.uexp" 86
"../../../Engine/Plugins/NNE/NNEDenoiser/Content/NNEDOM_Output_Default.uasset" 87
"../../../Engine/Plugins/NNE/NNEDenoiser/Content/NNEDOM_Output_Default.uexp" 88
"../../../Engine/Plugins/NNE/NNEDenoiser/Content/NNEDOM_Output_Alpha.uasset" 89
"../../../Engine/Plugins/NNE/NNEDenoiser/Content/NNEDOM_Output_Alpha.uexp" 90
"../../../Engine/Plugins/NNE/NNEDenoiser/Content/NNEDIM_HighQuality_Default.uasset" 91
"../../../Engine/Plugins/NNE/NNEDenoiser/Content/NNEDIM_HighQuality_Default.uexp" 92
"../../../Engine/Plugins/NNE/NNEDenoiser/Content/NNEDIM_HighQuality_Alpha.uasset" 93
"../../../Engine/Plugins/NNE/NNEDenoiser/Content/NNEDIM_HighQuality_Alpha.uexp" 94
"../../../Engine/Plugins/NNE/NNEDenoiser/Content/NNEDIM_ColorAlbedoNormal_Default.uasset" 95
"../../../Engine/Plugins/NNE/NNEDenoiser/Content/NNEDIM_ColorAlbedoNormal_Default.uexp" 96
"../../../Engine/Plugins/NNE/NNEDenoiser/Content/NNEDIM_ColorAlbedoNormal_Alpha.uasset" 97
"../../../Engine/Plugins/NNE/NNEDenoiser/Content/NNEDIM_ColorAlbedoNormal_Alpha.uexp" 98
"../../../Engine/Content/EngineResources/DefaultTexture.ubulk" 99
"../../../Engine/Content/EngineResources/DefaultTexture.uasset" 100
"../../../Engine/Content/EngineResources/DefaultTexture.uexp" 101
"../../../Engine/Content/EngineMaterials/PreintegratedSkinBRDF.uasset" 102
"../../../Engine/Content/EngineMaterials/PreintegratedSkinBRDF.uexp" 103
"../../../Engine/Content/EngineMaterials/MiniFont.uasset" 104
"../../../Engine/Content/EngineMaterials/MiniFont.uexp" 105
"../../../Engine/Content/EngineMaterials/FastBlueNoise_vec2_128x128x64.uasset" 106
"../../../Engine/Content/EngineMaterials/FastBlueNoise_vec2_128x128x64.uexp" 107
"../../../Engine/Content/EngineMaterials/FastBlueNoise_scalar_128x128x8.uasset" 108
"../../../Engine/Content/EngineMaterials/FastBlueNoise_scalar_128x128x8.uexp" 109
"../../../Engine/Content/EngineMaterials/FastBlueNoise_scalar_128x128x64.uasset" 110
"../../../Engine/Content/EngineMaterials/FastBlueNoise_scalar_128x128x64.uexp" 111
"../../../Engine/Content/EngineMaterials/DefaultWhiteGrid.ubulk" 112
"../../../Engine/Content/EngineMaterials/DefaultWhiteGrid.uasset" 113
"../../../Engine/Content/EngineMaterials/DefaultWhiteGrid.uexp" 114
"../../../Engine/Content/EngineMaterials/DefaultBokeh.uasset" 115
"../../../Engine/Content/EngineMaterials/DefaultBokeh.uexp" 116
"../../../Engine/Content/EngineMaterials/DefaultBloomKernel.uasset" 117
"../../../Engine/Content/EngineMaterials/DefaultBloomKernel.uexp" 118
"../../../Engine/Content/EngineDamageTypes/DmgTypeBP_Environmental.uasset" 119
"../../../Engine/Content/EngineDamageTypes/DmgTypeBP_Environmental.uexp" 120
"../../../Engine/Content/EditorResources/S_TriggerSphere.uasset" 121
"../../../Engine/Content/EditorResources/S_TriggerSphere.uexp" 122
"../../../Engine/Content/EditorResources/S_TriggerCapsule.uasset" 123
"../../../Engine/Content/EditorResources/S_TriggerCapsule.uexp" 124
"../../../Engine/Content/EditorResources/S_TriggerBox.uasset" 125
"../../../Engine/Content/EditorResources/S_TriggerBox.uexp" 126
"../../../Engine/Content/EditorResources/S_Trigger.ubulk" 127
"../../../Engine/Content/EditorResources/S_Trigger.uasset" 128
"../../../Engine/Content/EditorResources/S_Trigger.uexp" 129
"../../../Engine/Content/EditorResources/S_Terrain.ubulk" 130
"../../../Engine/Content/EditorResources/S_Terrain.uasset" 131
"../../../Engine/Content/EditorResources/S_Terrain.uexp" 132
"../../../Engine/Content/EditorResources/S_Solver.ubulk" 133
"../../../Engine/Content/EditorResources/S_Solver.uasset" 134
"../../../Engine/Content/EditorResources/S_Solver.uexp" 135
"../../../Engine/Content/EditorResources/S_BoxReflectionCapture.uasset" 136
"../../../Engine/Content/EditorResources/S_BoxReflectionCapture.uexp" 137
"../../../Engine/Content/EditorResources/BSPVertex.uasset" 138
"../../../Engine/Content/EditorResources/BSPVertex.uexp" 139
"../../../Engine/Plugins/Runtime/AudioWidgets/Content/Resources/ScrubHandleDown_Clamped.uasset" 140
"../../../Engine/Plugins/Runtime/AudioWidgets/Content/Resources/ScrubHandleDown_Clamped.uexp" 141
"../../../Engine/Content/EditorMaterials/ParticleSystems/PSysThumbnail_OOD.ubulk" 142
"../../../Engine/Content/EditorMaterials/ParticleSystems/PSysThumbnail_OOD.uasset" 143
"../../../Engine/Content/EditorMaterials/ParticleSystems/PSysThumbnail_OOD.uexp" 144
"../../../Engine/Content/EditorMaterials/ParticleSystems/PSysThumbnail_NoImage.ubulk" 145
"../../../Engine/Content/EditorMaterials/ParticleSystems/PSysThumbnail_NoImage.uasset" 146
"../../../Engine/Content/EditorMaterials/ParticleSystems/PSysThumbnail_NoImage.uexp" 147
"../../../Engine/Content/EngineResources/FilmGrains/Marcie_Grain_v3_128_M2_000.uasset" 148
"../../../Engine/Content/EngineResources/FilmGrains/Marcie_Grain_v3_128_M2_000.uexp" 149
"../../../Engine/Content/EngineResources/Development/ZenLogo_64.uasset" 150
"../../../Engine/Content/EngineResources/Development/ZenLogo_64.uexp" 151
"../../../Engine/Content/EngineMaterials/LTC/Sheen_LTC.uasset" 152
"../../../Engine/Content/EngineMaterials/LTC/Sheen_LTC.uexp" 153
"../../../Engine/Content/EngineMaterials/LTC/GGX_LTCMat.uasset" 154
"../../../Engine/Content/EngineMaterials/LTC/GGX_LTCMat.uexp" 155
"../../../Engine/Content/EngineMaterials/LTC/GGX_LTCAmp.uasset" 156
"../../../Engine/Content/EngineMaterials/LTC/GGX_LTCAmp.uexp" 157
"../../../Engine/Content/EngineMaterials/EnergyConservation/Sheen_Energy.uasset" 158
"../../../Engine/Content/EngineMaterials/EnergyConservation/Sheen_Energy.uexp" 159
"../../../Engine/Content/EngineMaterials/EnergyConservation/SheenLegacy_Energy.uasset" 160
"../../../Engine/Content/EngineMaterials/EnergyConservation/SheenLegacy_Energy.uexp" 161
"../../../Engine/Content/EngineMaterials/EnergyConservation/GGX_TransmissionEnergyArray.uasset" 162
"../../../Engine/Content/EngineMaterials/EnergyConservation/GGX_TransmissionEnergyArray.uexp" 163
"../../../Engine/Content/EngineMaterials/EnergyConservation/GGX_ReflectionEnergy.uasset" 164
"../../../Engine/Content/EngineMaterials/EnergyConservation/GGX_ReflectionEnergy.uexp" 165
"../../../Engine/Content/EngineMaterials/EnergyConservation/Diffuse_Energy.uasset" 166
"../../../Engine/Content/EngineMaterials/EnergyConservation/Diffuse_Energy.uexp" 167
"../../../Engine/Content/EditorResources/SequenceRecorder/RecordingIndicator.uasset" 168
"../../../Engine/Content/EditorResources/SequenceRecorder/RecordingIndicator.uexp" 169
"../../../Engine/Content/EditorResources/SequenceRecorder/Countdown.uasset" 170
"../../../Engine/Content/EditorResources/SequenceRecorder/Countdown.uexp" 171
"../../../Engine/Content/Functions/Engine_MaterialFunctions01/Shading/PowerToRoughness.uasset" 172
"../../../Engine/Content/Functions/Engine_MaterialFunctions01/Shading/PowerToRoughness.uexp" 173
"../../../Engine/Content/Functions/Engine_MaterialFunctions01/Shading/ConvertFromDiffSpec.uasset" 174
"../../../Engine/Content/Functions/Engine_MaterialFunctions01/Shading/ConvertFromDiffSpec.uexp" 175
"../../../Engine/Content/EditorMaterials/Dataflow/DataflowTwoSidedVertexMaterial.uasset" 176
"../../../Engine/Content/EditorMaterials/Dataflow/DataflowTwoSidedVertexMaterial.uexp" 177
"../../../Engine/Content/EditorMaterials/Dataflow/DataflowVertexMaterial.uasset" 178
"../../../Engine/Content/EditorMaterials/Dataflow/DataflowVertexMaterial.uexp" 179
"../../../Engine/Plugins/Runtime/HairStrands/Content/Materials/HairCardsDefaultMaterial.uasset" 180
"../../../Engine/Plugins/Runtime/HairStrands/Content/Materials/HairCardsDefaultMaterial.uexp" 181
"../../../Engine/Content/Functions/Engine_MaterialFunctions02/Utility/MakeFloat2.uasset" 182
"../../../Engine/Content/Functions/Engine_MaterialFunctions02/Utility/MakeFloat2.uexp" 183
"../../../Engine/Content/Functions/Engine_MaterialFunctions02/Utility/MakeFloat3.uasset" 184
"../../../Engine/Content/Functions/Engine_MaterialFunctions02/Utility/MakeFloat3.uexp" 185
"../../../Engine/Content/EngineMaterials/HairDebugColor.uasset" 186
"../../../Engine/Content/EngineMaterials/HairDebugColor.uexp" 187
"../../../Engine/Content/EngineMaterials/HairColorMap.uasset" 188
"../../../Engine/Content/EngineMaterials/HairColorMap.uexp" 189
"../../../Engine/Plugins/Runtime/HairStrands/Content/Materials/HairGroupColors.uasset" 190
"../../../Engine/Plugins/Runtime/HairStrands/Content/Materials/HairGroupColors.uexp" 191
"../../../Engine/Plugins/Runtime/HairStrands/Content/Materials/HairDebugMaterial.uasset" 192
"../../../Engine/Plugins/Runtime/HairStrands/Content/Materials/HairDebugMaterial.uexp" 193
"../../../Engine/Plugins/Runtime/HairStrands/Content/Materials/HairDefaultMaterial.uasset" 194
"../../../Engine/Plugins/Runtime/HairStrands/Content/Materials/HairDefaultMaterial.uexp" 195
"../../../Engine/Plugins/Runtime/HairStrands/Content/Materials/HairMeshesDefaultMaterial.uasset" 196
"../../../Engine/Plugins/Runtime/HairStrands/Content/Materials/HairMeshesDefaultMaterial.uexp" 197
"../../../Engine/Plugins/VirtualProduction/CameraCalibrationCore/Content/Materials/M_DefaultEvenSquare.uasset" 198
"../../../Engine/Plugins/VirtualProduction/CameraCalibrationCore/Content/Materials/M_DefaultEvenSquare.uexp" 199
"../../../Engine/Plugins/VirtualProduction/CameraCalibrationCore/Content/Materials/M_DefaultOddSquare.uasset" 200
"../../../Engine/Plugins/VirtualProduction/CameraCalibrationCore/Content/Materials/M_DefaultOddSquare.uexp" 201
"../../../Engine/Plugins/Animation/ControlRig/Content/Controls/ControlRigGizmoMaterial.uasset" 202
"../../../Engine/Plugins/Animation/ControlRig/Content/Controls/ControlRigGizmoMaterial.uexp" 203
"../../../Engine/Plugins/Animation/ControlRig/Content/Controls/ControlRigXRayMaterial.uasset" 204
"../../../Engine/Plugins/Animation/ControlRig/Content/Controls/ControlRigXRayMaterial.uexp" 205
"../../../Engine/Content/Functions/Engine_MaterialFunctions02/Utility/VectorLength.uasset" 206
"../../../Engine/Content/Functions/Engine_MaterialFunctions02/Utility/VectorLength.uexp" 207
"../../../Engine/Content/Functions/Engine_MaterialFunctions02/WorldPositionOffset/ObjectScale.uasset" 208
"../../../Engine/Content/Functions/Engine_MaterialFunctions02/WorldPositionOffset/ObjectScale.uexp" 209
"../../../Engine/Content/Functions/Engine_MaterialFunctions02/Utility/BreakOutFloat3Components.uasset" 210
"../../../Engine/Content/Functions/Engine_MaterialFunctions02/Utility/BreakOutFloat3Components.uexp" 211
"../../../Engine/Content/Functions/Engine_MaterialFunctions02/SafeNormalize.uasset" 212
"../../../Engine/Content/Functions/Engine_MaterialFunctions02/SafeNormalize.uexp" 213
"../../../Engine/Plugins/Editor/SpeedTreeImporter/Content/SpeedTree9/UnpackInteger3.uasset" 214
"../../../Engine/Plugins/Editor/SpeedTreeImporter/Content/SpeedTree9/UnpackInteger3.uexp" 215
"../../../Engine/Plugins/Editor/SpeedTreeImporter/Content/SpeedTree9/UnpackDirection.uasset" 216
"../../../Engine/Plugins/Editor/SpeedTreeImporter/Content/SpeedTree9/UnpackDirection.uexp" 217
"../../../Engine/Plugins/Editor/SpeedTreeImporter/Content/SpeedTree9/game_wind_noise.ubulk" 218
"../../../Engine/Plugins/Editor/SpeedTreeImporter/Content/SpeedTree9/game_wind_noise.uasset" 219
"../../../Engine/Plugins/Editor/SpeedTreeImporter/Content/SpeedTree9/game_wind_noise.uexp" 220
"../../../Engine/Plugins/Editor/SpeedTreeImporter/Content/SpeedTree9/SpeedTreeWindMotion.uasset" 221
"../../../Engine/Plugins/Editor/SpeedTreeImporter/Content/SpeedTree9/SpeedTreeWindMotion.uexp" 222
"../../../Engine/Plugins/Editor/SpeedTreeImporter/Content/SpeedTree9/SpeedTreeBranchMotion.uasset" 223
"../../../Engine/Plugins/Editor/SpeedTreeImporter/Content/SpeedTree9/SpeedTreeBranchMotion.uexp" 224
"../../../Engine/Content/Functions/Engine_MaterialFunctions02/ObjectLocalBounds.uasset" 225
"../../../Engine/Content/Functions/Engine_MaterialFunctions02/ObjectLocalBounds.uexp" 226
"../../../Engine/Content/Functions/Engine_MaterialFunctions02/UVs/BoundingBoxBased_0-1_UVW.uasset" 227
"../../../Engine/Content/Functions/Engine_MaterialFunctions02/UVs/BoundingBoxBased_0-1_UVW.uexp" 228
"../../../Engine/Plugins/Editor/SpeedTreeImporter/Content/SpeedTree9/SpeedTreeWind.uasset" 229
"../../../Engine/Plugins/Editor/SpeedTreeImporter/Content/SpeedTree9/SpeedTreeWind.uexp" 230
"../../../Engine/Plugins/Editor/SpeedTreeImporter/Content/SpeedTree9/EmptyNormal.uasset" 231
"../../../Engine/Plugins/Editor/SpeedTreeImporter/Content/SpeedTree9/EmptyNormal.uexp" 232
"../../../Engine/Plugins/Editor/SpeedTreeImporter/Content/SpeedTree9/Empty.uasset" 233
"../../../Engine/Plugins/Editor/SpeedTreeImporter/Content/SpeedTree9/Empty.uexp" 234
"../../../Engine/Plugins/Editor/SpeedTreeImporter/Content/SpeedTree9/SpeedTreeBillboard.uasset" 235
"../../../Engine/Plugins/Editor/SpeedTreeImporter/Content/SpeedTree9/SpeedTreeBillboard.uexp" 236
"../../../Engine/Plugins/Editor/SpeedTreeImporter/Content/SpeedTree9/SpeedTreeBillboardMaster.uasset" 237
"../../../Engine/Plugins/Editor/SpeedTreeImporter/Content/SpeedTree9/SpeedTreeBillboardMaster.uexp" 238
"../../../Engine/Plugins/Editor/SpeedTreeImporter/Content/SpeedTree9/SpeedTreeCameraFacing.uasset" 239
"../../../Engine/Plugins/Editor/SpeedTreeImporter/Content/SpeedTree9/SpeedTreeCameraFacing.uexp" 240
"../../../Engine/Plugins/Editor/SpeedTreeImporter/Content/SpeedTree9/SpeedTreeMaster.uasset" 241
"../../../Engine/Plugins/Editor/SpeedTreeImporter/Content/SpeedTree9/SpeedTreeMaster.uexp" 242
"../../../Engine/Plugins/Interchange/Assets/Content/Functions/MX_AbsorptionVDF.uasset" 243
"../../../Engine/Plugins/Interchange/Assets/Content/Functions/MX_AbsorptionVDF.uexp" 244
"../../../Engine/Plugins/Interchange/Assets/Content/Functions/MX_AnisotropicVDF.uasset" 245
"../../../Engine/Plugins/Interchange/Assets/Content/Functions/MX_AnisotropicVDF.uexp" 246
"../../../Engine/Plugins/Interchange/Assets/Content/Functions/MX_BurleyDiffuseBSDF.uasset" 247
"../../../Engine/Plugins/Interchange/Assets/Content/Functions/MX_BurleyDiffuseBSDF.uexp" 248
"../../../Engine/Plugins/Interchange/Assets/Content/Functions/MX_ConductorBSDF.uasset" 249
"../../../Engine/Plugins/Interchange/Assets/Content/Functions/MX_ConductorBSDF.uexp" 250
"../../../Engine/Plugins/Interchange/Assets/Content/Functions/MX_ConicalEDF.uasset" 251
"../../../Engine/Plugins/Interchange/Assets/Content/Functions/MX_ConicalEDF.uexp" 252
"../../../Engine/Plugins/Interchange/Assets/Content/Functions/MX_DielectricBSDF.uasset" 253
"../../../Engine/Plugins/Interchange/Assets/Content/Functions/MX_DielectricBSDF.uexp" 254
"../../../Engine/Plugins/Interchange/Assets/Content/Functions/MX_Displacement.uasset" 255
"../../../Engine/Plugins/Interchange/Assets/Content/Functions/MX_Displacement.uexp" 256
"../../../Engine/Plugins/Interchange/Assets/Content/Functions/MX_GeneralizedSchlickBSDF.uasset" 257
"../../../Engine/Plugins/Interchange/Assets/Content/Functions/MX_GeneralizedSchlickBSDF.uexp" 258
"../../../Engine/Plugins/Interchange/Assets/Content/Functions/MX_MeasuredEDF.uasset" 259
"../../../Engine/Plugins/Interchange/Assets/Content/Functions/MX_MeasuredEDF.uexp" 260
"../../../Engine/Plugins/Interchange/Assets/Content/Functions/MF_IridescenceNoLUT.uasset" 261
"../../../Engine/Plugins/Interchange/Assets/Content/Functions/MF_IridescenceNoLUT.uexp" 262
"../../../Engine/Plugins/Interchange/Assets/Content/Functions/MX_StandardSurface.uasset" 263
"../../../Engine/Plugins/Interchange/Assets/Content/Functions/MX_StandardSurface.uexp" 264
"../../../Engine/Plugins/Interchange/Assets/Content/Functions/MX_OpenPBR_Opaque.uasset" 265
"../../../Engine/Plugins/Interchange/Assets/Content/Functions/MX_OpenPBR_Opaque.uexp" 266
"../../../Engine/Plugins/Interchange/Assets/Content/Functions/MX_TransmissionSurface.uasset" 267
"../../../Engine/Plugins/Interchange/Assets/Content/Functions/MX_TransmissionSurface.uexp" 268
"../../../Engine/Plugins/Interchange/Assets/Content/Functions/MX_OpenPBR_Translucent.uasset" 269
"../../../Engine/Plugins/Interchange/Assets/Content/Functions/MX_OpenPBR_Translucent.uexp" 270
"../../../Engine/Plugins/Interchange/Assets/Content/Functions/MX_OrenNayarBSDF.uasset" 271
"../../../Engine/Plugins/Interchange/Assets/Content/Functions/MX_OrenNayarBSDF.uexp" 272
"../../../Engine/Plugins/Interchange/Assets/Content/Functions/MX_SheenBSDF.uasset" 273
"../../../Engine/Plugins/Interchange/Assets/Content/Functions/MX_SheenBSDF.uexp" 274
"../../../Engine/Plugins/Interchange/Assets/Content/Functions/MX_SubsurfaceBSDF.uasset" 275
"../../../Engine/Plugins/Interchange/Assets/Content/Functions/MX_SubsurfaceBSDF.uexp" 276
"../../../Engine/Plugins/Interchange/Assets/Content/Functions/MX_Surface.uasset" 277
"../../../Engine/Plugins/Interchange/Assets/Content/Functions/MX_Surface.uexp" 278
"../../../Engine/Plugins/Interchange/Assets/Content/Functions/MX_SurfaceUnlit.uasset" 279
"../../../Engine/Plugins/Interchange/Assets/Content/Functions/MX_SurfaceUnlit.uexp" 280
"../../../Engine/Plugins/Interchange/Assets/Content/Functions/MX_ThinFilmBSDF.uasset" 281
"../../../Engine/Plugins/Interchange/Assets/Content/Functions/MX_ThinFilmBSDF.uexp" 282
"../../../Engine/Plugins/Interchange/Assets/Content/Functions/MX_TranslucentBSDF.uasset" 283
"../../../Engine/Plugins/Interchange/Assets/Content/Functions/MX_TranslucentBSDF.uexp" 284
"../../../Engine/Plugins/Interchange/Assets/Content/Functions/MX_UniformEDF.uasset" 285
"../../../Engine/Plugins/Interchange/Assets/Content/Functions/MX_UniformEDF.uexp" 286
"../../../Engine/Plugins/Interchange/Assets/Content/Functions/MX_UsdPreviewSurface.uasset" 287
"../../../Engine/Plugins/Interchange/Assets/Content/Functions/MX_UsdPreviewSurface.uexp" 288
"../../../Engine/Content/EngineDebugMaterials/DebugEditorMaterial.uasset" 289
"../../../Engine/Content/EngineDebugMaterials/DebugEditorMaterial.uexp" 290
"../../../Engine/Content/EngineDebugMaterials/DebugMeshMaterial.uasset" 291
"../../../Engine/Content/EngineDebugMaterials/DebugMeshMaterial.uexp" 292
"../../../Engine/Content/EngineDebugMaterials/M_SimpleUnlitTranslucent.uasset" 293
"../../../Engine/Content/EngineDebugMaterials/M_SimpleUnlitTranslucent.uexp" 294
"../../../Engine/Content/Functions/Engine_MaterialFunctions02/Utility/CameraDirectionVector.uasset" 295
"../../../Engine/Content/Functions/Engine_MaterialFunctions02/Utility/CameraDirectionVector.uexp" 296
"../../../Engine/Content/EngineDebugMaterials/VolumeToRender.uasset" 297
"../../../Engine/Content/EngineDebugMaterials/VolumeToRender.uexp" 298
"../../../Engine/Content/EngineDebugMaterials/M_VolumeRenderSphereTracePP.uasset" 299
"../../../Engine/Content/EngineDebugMaterials/M_VolumeRenderSphereTracePP.uexp" 300
"../../../Engine/Content/EngineMaterials/DefaultDiffuse.ubulk" 301
"../../../Engine/Content/EngineMaterials/DefaultDiffuse.uasset" 302
"../../../Engine/Content/EngineMaterials/DefaultDiffuse.uexp" 303
"../../../Engine/Content/EngineMaterials/DefaultDeferredDecalMaterial.uasset" 304
"../../../Engine/Content/EngineMaterials/DefaultDeferredDecalMaterial.uexp" 305
"../../../Engine/Content/EngineMaterials/DefaultLightFunctionMaterial.uasset" 306
"../../../Engine/Content/EngineMaterials/DefaultLightFunctionMaterial.uexp" 307
"../../../Engine/Content/Functions/Engine_MaterialFunctions02/Utility/BreakOutFloat2Components.uasset" 308
"../../../Engine/Content/Functions/Engine_MaterialFunctions02/Utility/BreakOutFloat2Components.uexp" 309
"../../../Engine/Content/EngineMaterials/DefaultPostProcessMaterial.uasset" 310
"../../../Engine/Content/EngineMaterials/DefaultPostProcessMaterial.uexp" 311
"../../../Engine/Content/EngineFonts/RobotoDistanceField.uasset" 312
"../../../Engine/Content/EngineFonts/RobotoDistanceField.uexp" 313
"../../../Engine/Content/EngineMaterials/DefaultTextMaterialOpaque.uasset" 314
"../../../Engine/Content/EngineMaterials/DefaultTextMaterialOpaque.uexp" 315
"../../../Engine/Content/EngineMaterials/DefaultWhiteGrid_Low.uasset" 316
"../../../Engine/Content/EngineMaterials/DefaultWhiteGrid_Low.uexp" 317
"../../../Engine/Content/EngineMaterials/EmissiveMeshMaterial.uasset" 318
"../../../Engine/Content/EngineMaterials/EmissiveMeshMaterial.uexp" 319
"../../../Engine/Content/EngineMaterials/BaseFlattenNormalMap.uasset" 320
"../../../Engine/Content/EngineMaterials/BaseFlattenNormalMap.uexp" 321
"../../../Engine/Content/EngineMaterials/BaseFlattenDiffuseMap.uasset" 322
"../../../Engine/Content/EngineMaterials/BaseFlattenDiffuseMap.uexp" 323
"../../../Engine/Content/EngineMaterials/BaseFlattenEmissiveMap.uasset" 324
"../../../Engine/Content/EngineMaterials/BaseFlattenEmissiveMap.uexp" 325
"../../../Engine/Content/EngineMaterials/BaseFlattenGrayscaleMap.uasset" 326
"../../../Engine/Content/EngineMaterials/BaseFlattenGrayscaleMap.uexp" 327
"../../../Engine/Content/EngineMaterials/BaseFlattenLinearColor.uasset" 328
"../../../Engine/Content/EngineMaterials/BaseFlattenLinearColor.uexp" 329
"../../../Engine/Content/Functions/Engine_MaterialFunctions02/PivotPainter2/Black_1x1_EXR_Texture.uasset" 330
"../../../Engine/Content/Functions/Engine_MaterialFunctions02/PivotPainter2/Black_1x1_EXR_Texture.uexp" 331
"../../../Engine/Content/EngineMaterials/FlattenMaterial.uasset" 332
"../../../Engine/Content/EngineMaterials/FlattenMaterial.uexp" 333
"../../../Engine/Content/EngineMaterials/BaseFlattenDiffuseMap_VT.ubulk" 334
"../../../Engine/Content/EngineMaterials/BaseFlattenDiffuseMap_VT.uasset" 335
"../../../Engine/Content/EngineMaterials/BaseFlattenDiffuseMap_VT.uexp" 336
"../../../Engine/Content/EngineMaterials/BaseFlattenEmissiveMap_VT.ubulk" 337
"../../../Engine/Content/EngineMaterials/BaseFlattenEmissiveMap_VT.uasset" 338
"../../../Engine/Content/EngineMaterials/BaseFlattenEmissiveMap_VT.uexp" 339
"../../../Engine/Content/EngineMaterials/BaseFlattenGrayscaleMap_VT.ubulk" 340
"../../../Engine/Content/EngineMaterials/BaseFlattenGrayscaleMap_VT.uasset" 341
"../../../Engine/Content/EngineMaterials/BaseFlattenGrayscaleMap_VT.uexp" 342
"../../../Engine/Content/EngineMaterials/BaseFlattenLinearColor_VT.ubulk" 343
"../../../Engine/Content/EngineMaterials/BaseFlattenLinearColor_VT.uasset" 344
"../../../Engine/Content/EngineMaterials/BaseFlattenLinearColor_VT.uexp" 345
"../../../Engine/Content/EngineMaterials/BaseFlattenNormalMap_VT.ubulk" 346
"../../../Engine/Content/EngineMaterials/BaseFlattenNormalMap_VT.uasset" 347
"../../../Engine/Content/EngineMaterials/BaseFlattenNormalMap_VT.uexp" 348
"../../../Engine/Content/EngineMaterials/Black_1x1_EXR_Texture_VT.ubulk" 349
"../../../Engine/Content/EngineMaterials/Black_1x1_EXR_Texture_VT.uasset" 350
"../../../Engine/Content/EngineMaterials/Black_1x1_EXR_Texture_VT.uexp" 351
"../../../Engine/Content/EngineMaterials/FlattenMaterial_VT.uasset" 352
"../../../Engine/Content/EngineMaterials/FlattenMaterial_VT.uexp" 353
"../../../Engine/Content/EngineMaterials/FlattenMaterial_WS_Normal_VT.uasset" 354
"../../../Engine/Content/EngineMaterials/FlattenMaterial_WS_Normal_VT.uexp" 355
"../../../Engine/Content/EngineMaterials/GizmoMaterial.uasset" 356
"../../../Engine/Content/EngineMaterials/GizmoMaterial.uexp" 357
"../../../Engine/Content/EngineMaterials/InvalidLightmapSettings.ubulk" 358
"../../../Engine/Content/EngineMaterials/InvalidLightmapSettings.uasset" 359
"../../../Engine/Content/EngineMaterials/InvalidLightmapSettings.uexp" 360
"../../../Engine/Content/EngineMaterials/M_InvalidLightmapSettings.uasset" 361
"../../../Engine/Content/EngineMaterials/M_InvalidLightmapSettings.uexp" 362
"../../../Engine/Content/EngineMaterials/NaniteHiddenSectionMaterial.uasset" 363
"../../../Engine/Content/EngineMaterials/NaniteHiddenSectionMaterial.uexp" 364
"../../../Engine/Content/Functions/Engine_MaterialFunctions02/WorldPositionOffset/CameraOffset.uasset" 365
"../../../Engine/Content/Functions/Engine_MaterialFunctions02/WorldPositionOffset/CameraOffset.uexp" 366
"../../../Engine/Content/EngineMaterials/PhAT_JointLimitMaterial.uasset" 367
"../../../Engine/Content/EngineMaterials/PhAT_JointLimitMaterial.uexp" 368
"../../../Engine/Content/EngineMaterials/DefaultCalibrationColor.uasset" 369
"../../../Engine/Content/EngineMaterials/DefaultCalibrationColor.uexp" 370
"../../../Engine/Content/EngineMaterials/PPM_DefaultCalibrationColor.uasset" 371
"../../../Engine/Content/EngineMaterials/PPM_DefaultCalibrationColor.uexp" 372
"../../../Engine/Content/EngineMaterials/DefaultCalibrationGrayscale.uasset" 373
"../../../Engine/Content/EngineMaterials/DefaultCalibrationGrayscale.uexp" 374
"../../../Engine/Content/EngineMaterials/PPM_DefaultCalibrationGrayscale.uasset" 375
"../../../Engine/Content/EngineMaterials/PPM_DefaultCalibrationGrayscale.uexp" 376
"../../../Engine/Content/EngineMaterials/RemoveSurfaceMaterial.uasset" 377
"../../../Engine/Content/EngineMaterials/RemoveSurfaceMaterial.uexp" 378
"../../../Engine/Content/EditorLandscapeResources/DefaultAlphaTexture.uasset" 379
"../../../Engine/Content/EditorLandscapeResources/DefaultAlphaTexture.uexp" 380
"../../../Engine/Content/EditorLandscapeResources/LandscapeDirtyMaterial.uasset" 381
"../../../Engine/Content/EditorLandscapeResources/LandscapeDirtyMaterial.uexp" 382
"../../../Engine/Content/Functions/Engine_MaterialFunctions01/Texturing/ScaleUVsByCenter.uasset" 383
"../../../Engine/Content/Functions/Engine_MaterialFunctions01/Texturing/ScaleUVsByCenter.uexp" 384
"../../../Engine/Content/Functions/Engine_MaterialFunctions02/WorldPositionOffset/LocalPosition.uasset" 385
"../../../Engine/Content/Functions/Engine_MaterialFunctions02/WorldPositionOffset/LocalPosition.uexp" 386
"../../../Engine/Content/Functions/Engine_MaterialFunctions01/Texturing/TextureCropping.uasset" 387
"../../../Engine/Content/Functions/Engine_MaterialFunctions01/Texturing/TextureCropping.uexp" 388
"../../../Engine/Content/Functions/Engine_MaterialFunctions02/ExampleContent/DebugNumberStrip.uasset" 389
"../../../Engine/Content/Functions/Engine_MaterialFunctions02/ExampleContent/DebugNumberStrip.uexp" 390
"../../../Engine/Content/Functions/Engine_MaterialFunctions01/Debug/DebugIntValues.uasset" 391
"../../../Engine/Content/Functions/Engine_MaterialFunctions01/Debug/DebugIntValues.uexp" 392
"../../../Engine/Content/EditorLandscapeResources/LandscapeLayerUsageMaterial.uasset" 393
"../../../Engine/Content/EditorLandscapeResources/LandscapeLayerUsageMaterial.uexp" 394
"../../../Engine/Content/EditorLandscapeResources/WhiteSquareTexture.uasset" 395
"../../../Engine/Content/EditorLandscapeResources/WhiteSquareTexture.uexp" 396
"../../../Engine/Content/EditorLandscapeResources/LayerVisMaterial.uasset" 397
"../../../Engine/Content/EditorLandscapeResources/LayerVisMaterial.uexp" 398
"../../../Engine/Content/EditorMaterials/PhAT_NoCollisionMaterial.uasset" 399
"../../../Engine/Content/EditorMaterials/PhAT_NoCollisionMaterial.uexp" 400
"../../../Engine/Content/EditorMaterials/PhAT_UnselectedMaterial.uasset" 401
"../../../Engine/Content/EditorMaterials/PhAT_UnselectedMaterial.uexp" 402
"../../../Engine/Content/EditorMaterials/PreviewShadowIndicator.ubulk" 403
"../../../Engine/Content/EditorMaterials/PreviewShadowIndicator.uasset" 404
"../../../Engine/Content/EditorMaterials/PreviewShadowIndicator.uexp" 405
"../../../Engine/Content/EditorMaterials/PreviewShadowIndicatorMaterial.uasset" 406
"../../../Engine/Content/EditorMaterials/PreviewShadowIndicatorMaterial.uexp" 407
"../../../Engine/Plugins/Animation/ControlRig/Content/M_Manip.uasset" 408
"../../../Engine/Plugins/Animation/ControlRig/Content/M_Manip.uexp" 409
"../../../Engine/Content/EngineMeshes/Sphere.uasset" 410
"../../../Engine/Content/EngineMeshes/Sphere.uexp" 411
"../../../Engine/Content/EngineResources/DefaultTextureCube.uasset" 412
"../../../Engine/Content/EngineResources/DefaultTextureCube.uexp" 413
"../../../Engine/Content/EngineResources/DefaultVolumeTexture2D.uasset" 414
"../../../Engine/Content/EngineResources/DefaultVolumeTexture2D.uexp" 415
"../../../Engine/Content/EngineResources/DefaultVolumeTexture.uasset" 416
"../../../Engine/Content/EngineResources/DefaultVolumeTexture.uexp" 417
"../../../Engine/Content/VREditor/TransformGizmo/Xray.uasset" 418
"../../../Engine/Content/VREditor/TransformGizmo/Xray.uexp" 419
"../../../Engine/Content/VREditor/TransformGizmo/Main.uasset" 420
"../../../Engine/Content/VREditor/TransformGizmo/Main.uexp" 421
"../../../Engine/Content/VREditor/TransformGizmo/SM_Sequencer_Node.uasset" 422
"../../../Engine/Content/VREditor/TransformGizmo/SM_Sequencer_Node.uexp" 423
"../../../Engine/Content/EditorMaterials/Camera/CineMat.uasset" 424
"../../../Engine/Content/EditorMaterials/Camera/CineMat.uexp" 425
"../../../Engine/Content/EditorMaterials/Camera/MI_CineMat_Rig.uasset" 426
"../../../Engine/Content/EditorMaterials/Camera/MI_CineMat_Rig.uexp" 427
"../../../Engine/Content/EditorMeshes/Camera/SM_CraneRig_Base.uasset" 428
"../../../Engine/Content/EditorMeshes/Camera/SM_CraneRig_Base.uexp" 429
"../../../Engine/Content/EditorMeshes/Camera/SM_CraneRig_Arm.uasset" 430
"../../../Engine/Content/EditorMeshes/Camera/SM_CraneRig_Arm.uexp" 431
"../../../Engine/Content/EditorMeshes/Camera/SM_CraneRig_Mount.uasset" 432
"../../../Engine/Content/EditorMeshes/Camera/SM_CraneRig_Mount.uexp" 433
"../../../Engine/Content/EditorMeshes/Camera/SM_CraneRig_Body.uasset" 434
"../../../Engine/Content/EditorMeshes/Camera/SM_CraneRig_Body.uexp" 435
"../../../Engine/Content/EditorMeshes/Camera/SM_RailRig_Track.uasset" 436
"../../../Engine/Content/EditorMeshes/Camera/SM_RailRig_Track.uexp" 437
"../../../Engine/Content/EditorMeshes/Camera/SM_RailRig_Mount.uasset" 438
"../../../Engine/Content/EditorMeshes/Camera/SM_RailRig_Mount.uexp" 439
"../../../Engine/Content/EditorLandscapeResources/SplineEditorMeshMat.uasset" 440
"../../../Engine/Content/EditorLandscapeResources/SplineEditorMeshMat.uexp" 441
"../../../Engine/Content/EditorLandscapeResources/SplineEditorMesh.uasset" 442
"../../../Engine/Content/EditorLandscapeResources/SplineEditorMesh.uexp" 443
"../../../Engine/Content/EngineMaterials/Substrate/GLints/AGlintTex2dArray.uasset" 444
"../../../Engine/Content/EngineMaterials/Substrate/GLints/AGlintTex2dArray.uexp" 445
"../../../Engine/Content/EngineMaterials/Substrate/Glints2/AGlintTex2dArray2.uasset" 446
"../../../Engine/Content/EngineMaterials/Substrate/Glints2/AGlintTex2dArray2.uexp" 447
"../../../Engine/Content/EngineMaterials/Substrate/Volume/SubstrateSimpleVolumeEnvLUT3D.uasset" 448
"../../../Engine/Content/EngineMaterials/Substrate/Volume/SubstrateSimpleVolumeEnvLUT3D.uexp" 449
"../../../Engine/Content/EngineMaterials/Substrate/Volume/SubstrateSimpleVolumeLUT3D.uasset" 450
"../../../Engine/Content/EngineMaterials/Substrate/Volume/SubstrateSimpleVolumeLUT3D.uexp" 451
"../../../Engine/Content/EngineMaterials/T_Default_Material_Grid_M.ubulk" 452
"../../../Engine/Content/EngineMaterials/T_Default_Material_Grid_M.uasset" 453
"../../../Engine/Content/EngineMaterials/T_Default_Material_Grid_M.uexp" 454
"../../../Engine/Content/Functions/Engine_MaterialFunctions01/Opacity/CameraDepthFade.uasset" 455
"../../../Engine/Content/Functions/Engine_MaterialFunctions01/Opacity/CameraDepthFade.uexp" 456
"../../../Engine/Content/EngineMaterials/T_Default_Material_Grid_N.ubulk" 457
"../../../Engine/Content/EngineMaterials/T_Default_Material_Grid_N.uasset" 458
"../../../Engine/Content/EngineMaterials/T_Default_Material_Grid_N.uexp" 459
"../../../Engine/Content/EngineMaterials/WorldGridMaterial.uasset" 460
"../../../Engine/Content/EngineMaterials/WorldGridMaterial.uexp" 461
"../../../Engine/Content/ArtTools/RenderToTexture/Meshes/S_1_Unit_Plane.uasset" 462
"../../../Engine/Content/ArtTools/RenderToTexture/Meshes/S_1_Unit_Plane.uexp" 463
"../../../Engine/Content/VREditor/TransformGizmo/TranslucentTransformGizmoMaterial.uasset" 464
"../../../Engine/Content/VREditor/TransformGizmo/TranslucentTransformGizmoMaterial.uexp" 465
"../../../Engine/Content/VREditor/LaserPointer/VR_LaserPower_01.ubulk" 466
"../../../Engine/Content/VREditor/LaserPointer/VR_LaserPower_01.uasset" 467
"../../../Engine/Content/VREditor/LaserPointer/VR_LaserPower_01.uexp" 468
"../../../Engine/Content/VREditor/TransformGizmo/TransformGizmoMaterial.uasset" 469
"../../../Engine/Content/VREditor/TransformGizmo/TransformGizmoMaterial.uexp" 470
"../../../Engine/Content/VREditor/TransformGizmo/BoundingBoxCorner.uasset" 471
"../../../Engine/Content/VREditor/TransformGizmo/BoundingBoxCorner.uexp" 472
"../../../Engine/Content/VREditor/TransformGizmo/BoundingBoxEdge.uasset" 473
"../../../Engine/Content/VREditor/TransformGizmo/BoundingBoxEdge.uexp" 474
"../../../Engine/Plugins/Interchange/Assets/Content/Utilities/New_LUT.uasset" 475
"../../../Engine/Plugins/Interchange/Assets/Content/Utilities/New_LUT.uexp" 476
"../../../Engine/Content/Functions/Engine_MaterialFunctions03/Math/RemapValueRange.uasset" 477
"../../../Engine/Content/Functions/Engine_MaterialFunctions03/Math/RemapValueRange.uexp" 478
"../../../Engine/Plugins/Interchange/Assets/Content/Functions/MF_Iridescence.uasset" 479
"../../../Engine/Plugins/Interchange/Assets/Content/Functions/MF_Iridescence.uexp" 480
"../../../Engine/Plugins/Interchange/Assets/Content/gltf/Textures/T_White_srgb.uasset" 481
"../../../Engine/Plugins/Interchange/Assets/Content/gltf/Textures/T_White_srgb.uexp" 482
"../../../Engine/Plugins/Interchange/Assets/Content/gltf/MaterialFunctions/MF_BaseColor.uasset" 483
"../../../Engine/Plugins/Interchange/Assets/Content/gltf/MaterialFunctions/MF_BaseColor.uexp" 484
"../../../Engine/Plugins/Interchange/Assets/Content/gltf/MaterialFunctions/MF_RotateV2.uasset" 485
"../../../Engine/Plugins/Interchange/Assets/Content/gltf/MaterialFunctions/MF_RotateV2.uexp" 486
"../../../Engine/Plugins/Interchange/Assets/Content/gltf/MaterialFunctions/MF_TransformUVs.uasset" 487
"../../../Engine/Plugins/Interchange/Assets/Content/gltf/MaterialFunctions/MF_TransformUVs.uexp" 488
"../../../Engine/Plugins/Interchange/Assets/Content/gltf/MaterialFunctions/MF_IOR.uasset" 489
"../../../Engine/Plugins/Interchange/Assets/Content/gltf/MaterialFunctions/MF_IOR.uexp" 490
"../../../Engine/Plugins/Interchange/Assets/Content/gltf/MaterialFunctions/MF_Iridescence.uasset" 491
"../../../Engine/Plugins/Interchange/Assets/Content/gltf/MaterialFunctions/MF_Iridescence.uexp" 492
"../../../Engine/Plugins/Interchange/Assets/Content/gltf/Textures/T_White_Linear.uasset" 493
"../../../Engine/Plugins/Interchange/Assets/Content/gltf/Textures/T_White_Linear.uexp" 494
"../../../Engine/Plugins/Interchange/Assets/Content/gltf/MaterialFunctions/MF_MetallicRoughness.uasset" 495
"../../../Engine/Plugins/Interchange/Assets/Content/gltf/MaterialFunctions/MF_MetallicRoughness.uexp" 496
"../../../Engine/Content/Functions/Engine_MaterialFunctions02/Math/Transform3x3Matrix.uasset" 497
"../../../Engine/Content/Functions/Engine_MaterialFunctions02/Math/Transform3x3Matrix.uexp" 498
"../../../Engine/Plugins/Interchange/Assets/Content/gltf/MaterialFunctions/MF_RotateNormals_TS.uasset" 499
"../../../Engine/Plugins/Interchange/Assets/Content/gltf/MaterialFunctions/MF_RotateNormals_TS.uexp" 500
"../../../Engine/Plugins/Interchange/Assets/Content/gltf/MaterialFunctions/MF_ScaleNormal.uasset" 501
"../../../Engine/Plugins/Interchange/Assets/Content/gltf/MaterialFunctions/MF_ScaleNormal.uexp" 502
"../../../Engine/Plugins/Interchange/Assets/Content/gltf/Textures/T_Generic_N.uasset" 503
"../../../Engine/Plugins/Interchange/Assets/Content/gltf/Textures/T_Generic_N.uexp" 504
"../../../Engine/Plugins/Interchange/Assets/Content/gltf/MaterialFunctions/MF_Normals.uasset" 505
"../../../Engine/Plugins/Interchange/Assets/Content/gltf/MaterialFunctions/MF_Normals.uexp" 506
"../../../Engine/Plugins/Interchange/Assets/Content/gltf/MaterialFunctions/MF_Occlusion.uasset" 507
"../../../Engine/Plugins/Interchange/Assets/Content/gltf/MaterialFunctions/MF_Occlusion.uexp" 508
"../../../Engine/Plugins/Interchange/Assets/Content/gltf/MaterialFunctions/MF_Specular.uasset" 509
"../../../Engine/Plugins/Interchange/Assets/Content/gltf/MaterialFunctions/MF_Specular.uexp" 510
"../../../Engine/Plugins/Interchange/Assets/Content/gltf/Textures/T_Anisotropy_Direction_Linear.uasset" 511
"../../../Engine/Plugins/Interchange/Assets/Content/gltf/Textures/T_Anisotropy_Direction_Linear.uexp" 512
"../../../Engine/Plugins/Interchange/Assets/Content/gltf/MaterialFunctions/MF_SpecularAnisotropy.uasset" 513
"../../../Engine/Plugins/Interchange/Assets/Content/gltf/MaterialFunctions/MF_SpecularAnisotropy.uexp" 514
"../../../Engine/Plugins/Interchange/Assets/Content/gltf/MaterialFunctions/MF_Emissive.uasset" 515
"../../../Engine/Plugins/Interchange/Assets/Content/gltf/MaterialFunctions/MF_Emissive.uexp" 516
"../../../Engine/Content/Functions/Engine_MaterialFunctions01/Texturing/FlattenNormal.uasset" 517
"../../../Engine/Content/Functions/Engine_MaterialFunctions01/Texturing/FlattenNormal.uexp" 518
"../../../Engine/Plugins/Interchange/Assets/Content/gltf/MaterialFunctions/MF_Clearcoat.uasset" 519
"../../../Engine/Plugins/Interchange/Assets/Content/gltf/MaterialFunctions/MF_Clearcoat.uexp" 520
"../../../Engine/Plugins/Interchange/Assets/Content/gltf/MaterialBodies/MF_ClearCoat_Body.uasset" 521
"../../../Engine/Plugins/Interchange/Assets/Content/gltf/MaterialBodies/MF_ClearCoat_Body.uexp" 522
"../../../Engine/Plugins/Interchange/Assets/Content/gltf/M_ClearCoat.uasset" 523
"../../../Engine/Plugins/Interchange/Assets/Content/gltf/M_ClearCoat.uexp" 524
"../../../Engine/Plugins/Interchange/Assets/Content/gltf/MaterialInstances/MI_ClearCoat_Blend.uasset" 525
"../../../Engine/Plugins/Interchange/Assets/Content/gltf/MaterialInstances/MI_ClearCoat_Blend.uexp" 526
"../../../Engine/Plugins/Interchange/Assets/Content/gltf/MaterialInstances/MI_ClearCoat_Blend_DS.uasset" 527
"../../../Engine/Plugins/Interchange/Assets/Content/gltf/MaterialInstances/MI_ClearCoat_Blend_DS.uexp" 528
"../../../Engine/Plugins/Interchange/Assets/Content/gltf/MaterialInstances/MI_ClearCoat_Mask.uasset" 529
"../../../Engine/Plugins/Interchange/Assets/Content/gltf/MaterialInstances/MI_ClearCoat_Mask.uexp" 530
"../../../Engine/Plugins/Interchange/Assets/Content/gltf/MaterialInstances/MI_ClearCoat_Mask_DS.uasset" 531
"../../../Engine/Plugins/Interchange/Assets/Content/gltf/MaterialInstances/MI_ClearCoat_Mask_DS.uexp" 532
"../../../Engine/Plugins/Interchange/Assets/Content/gltf/MaterialInstances/MI_ClearCoat_Opaque.uasset" 533
"../../../Engine/Plugins/Interchange/Assets/Content/gltf/MaterialInstances/MI_ClearCoat_Opaque.uexp" 534
"../../../Engine/Plugins/Interchange/Assets/Content/gltf/MaterialInstances/MI_ClearCoat_Opaque_DS.uasset" 535
"../../../Engine/Plugins/Interchange/Assets/Content/gltf/MaterialInstances/MI_ClearCoat_Opaque_DS.uexp" 536
"../../../Engine/Plugins/Interchange/Assets/Content/gltf/MaterialBodies/MF_Default_Body.uasset" 537
"../../../Engine/Plugins/Interchange/Assets/Content/gltf/MaterialBodies/MF_Default_Body.uexp" 538
"../../../Engine/Plugins/Interchange/Assets/Content/gltf/M_Default.uasset" 539
"../../../Engine/Plugins/Interchange/Assets/Content/gltf/M_Default.uexp" 540
"../../../Engine/Plugins/Interchange/Assets/Content/gltf/MaterialInstances/MI_Default_Blend.uasset" 541
"../../../Engine/Plugins/Interchange/Assets/Content/gltf/MaterialInstances/MI_Default_Blend.uexp" 542
"../../../Engine/Plugins/Interchange/Assets/Content/gltf/MaterialInstances/MI_Default_Blend_DS.uasset" 543
"../../../Engine/Plugins/Interchange/Assets/Content/gltf/MaterialInstances/MI_Default_Blend_DS.uexp" 544
"../../../Engine/Plugins/Interchange/Assets/Content/gltf/MaterialInstances/MI_Default_Mask.uasset" 545
"../../../Engine/Plugins/Interchange/Assets/Content/gltf/MaterialInstances/MI_Default_Mask.uexp" 546
"../../../Engine/Plugins/Interchange/Assets/Content/gltf/MaterialInstances/MI_Default_Mask_DS.uasset" 547
"../../../Engine/Plugins/Interchange/Assets/Content/gltf/MaterialInstances/MI_Default_Mask_DS.uexp" 548
"../../../Engine/Plugins/Interchange/Assets/Content/gltf/MaterialInstances/MI_Default_Opaque.uasset" 549
"../../../Engine/Plugins/Interchange/Assets/Content/gltf/MaterialInstances/MI_Default_Opaque.uexp" 550
"../../../Engine/Plugins/Interchange/Assets/Content/gltf/MaterialInstances/MI_Default_Opaque_DS.uasset" 551
"../../../Engine/Plugins/Interchange/Assets/Content/gltf/MaterialInstances/MI_Default_Opaque_DS.uexp" 552
"../../../Engine/Plugins/Interchange/Assets/Content/gltf/MaterialFunctions/MF_Sheen.uasset" 553
"../../../Engine/Plugins/Interchange/Assets/Content/gltf/MaterialFunctions/MF_Sheen.uexp" 554
"../../../Engine/Plugins/Interchange/Assets/Content/gltf/MaterialBodies/MF_Sheen_Body.uasset" 555
"../../../Engine/Plugins/Interchange/Assets/Content/gltf/MaterialBodies/MF_Sheen_Body.uexp" 556
"../../../Engine/Plugins/Interchange/Assets/Content/gltf/M_Sheen.uasset" 557
"../../../Engine/Plugins/Interchange/Assets/Content/gltf/M_Sheen.uexp" 558
"../../../Engine/Plugins/Interchange/Assets/Content/gltf/MaterialInstances/MI_Sheen_Blend.uasset" 559
"../../../Engine/Plugins/Interchange/Assets/Content/gltf/MaterialInstances/MI_Sheen_Blend.uexp" 560
"../../../Engine/Plugins/Interchange/Assets/Content/gltf/MaterialInstances/MI_Sheen_Blend_DS.uasset" 561
"../../../Engine/Plugins/Interchange/Assets/Content/gltf/MaterialInstances/MI_Sheen_Blend_DS.uexp" 562
"../../../Engine/Plugins/Interchange/Assets/Content/gltf/MaterialInstances/MI_Sheen_Mask.uasset" 563
"../../../Engine/Plugins/Interchange/Assets/Content/gltf/MaterialInstances/MI_Sheen_Mask.uexp" 564
"../../../Engine/Plugins/Interchange/Assets/Content/gltf/MaterialInstances/MI_Sheen_Mask_DS.uasset" 565
"../../../Engine/Plugins/Interchange/Assets/Content/gltf/MaterialInstances/MI_Sheen_Mask_DS.uexp" 566
"../../../Engine/Plugins/Interchange/Assets/Content/gltf/MaterialInstances/MI_Sheen_Opaque.uasset" 567
"../../../Engine/Plugins/Interchange/Assets/Content/gltf/MaterialInstances/MI_Sheen_Opaque.uexp" 568
"../../../Engine/Plugins/Interchange/Assets/Content/gltf/MaterialInstances/MI_Sheen_Opaque_DS.uasset" 569
"../../../Engine/Plugins/Interchange/Assets/Content/gltf/MaterialInstances/MI_Sheen_Opaque_DS.uexp" 570
"../../../Engine/Content/Functions/Engine_MaterialFunctions02/Math/AddComponents.uasset" 571
"../../../Engine/Content/Functions/Engine_MaterialFunctions02/Math/AddComponents.uexp" 572
"../../../Engine/Plugins/Interchange/Assets/Content/gltf/MaterialFunctions/MF_DiffuseSpecGloss.uasset" 573
"../../../Engine/Plugins/Interchange/Assets/Content/gltf/MaterialFunctions/MF_DiffuseSpecGloss.uexp" 574
"../../../Engine/Plugins/Interchange/Assets/Content/gltf/MaterialFunctions/MF_MaxComponentValue.uasset" 575
"../../../Engine/Plugins/Interchange/Assets/Content/gltf/MaterialFunctions/MF_MaxComponentValue.uexp" 576
"../../../Engine/Plugins/Interchange/Assets/Content/gltf/MaterialFunctions/MF_PerceivedBrightness.uasset" 577
"../../../Engine/Plugins/Interchange/Assets/Content/gltf/MaterialFunctions/MF_PerceivedBrightness.uexp" 578
"../../../Engine/Plugins/Interchange/Assets/Content/gltf/MaterialFunctions/MF_SpecGlossToMetalRoughness.uasset" 579
"../../../Engine/Plugins/Interchange/Assets/Content/gltf/MaterialFunctions/MF_SpecGlossToMetalRoughness.uexp" 580
"../../../Engine/Plugins/Interchange/Assets/Content/gltf/MaterialBodies/MF_SpecularGlossiness_Body.uasset" 581
"../../../Engine/Plugins/Interchange/Assets/Content/gltf/MaterialBodies/MF_SpecularGlossiness_Body.uexp" 582
"../../../Engine/Plugins/Interchange/Assets/Content/gltf/M_SpecularGlossiness.uasset" 583
"../../../Engine/Plugins/Interchange/Assets/Content/gltf/M_SpecularGlossiness.uexp" 584
"../../../Engine/Plugins/Interchange/Assets/Content/gltf/MaterialInstances/MI_SpecularGlossiness_Blend.uasset" 585
"../../../Engine/Plugins/Interchange/Assets/Content/gltf/MaterialInstances/MI_SpecularGlossiness_Blend.uexp" 586
"../../../Engine/Plugins/Interchange/Assets/Content/gltf/MaterialInstances/MI_SpecularGlossiness_Blend_DS.uasset" 587
"../../../Engine/Plugins/Interchange/Assets/Content/gltf/MaterialInstances/MI_SpecularGlossiness_Blend_DS.uexp" 588
"../../../Engine/Plugins/Interchange/Assets/Content/gltf/MaterialInstances/MI_SpecularGlossiness_Mask.uasset" 589
"../../../Engine/Plugins/Interchange/Assets/Content/gltf/MaterialInstances/MI_SpecularGlossiness_Mask.uexp" 590
"../../../Engine/Plugins/Interchange/Assets/Content/gltf/MaterialInstances/MI_SpecularGlossiness_Mask_DS.uasset" 591
"../../../Engine/Plugins/Interchange/Assets/Content/gltf/MaterialInstances/MI_SpecularGlossiness_Mask_DS.uexp" 592
"../../../Engine/Plugins/Interchange/Assets/Content/gltf/MaterialInstances/MI_SpecularGlossiness_Opaque.uasset" 593
"../../../Engine/Plugins/Interchange/Assets/Content/gltf/MaterialInstances/MI_SpecularGlossiness_Opaque.uexp" 594
"../../../Engine/Plugins/Interchange/Assets/Content/gltf/MaterialInstances/MI_SpecularGlossiness_Opaque_DS.uasset" 595
"../../../Engine/Plugins/Interchange/Assets/Content/gltf/MaterialInstances/MI_SpecularGlossiness_Opaque_DS.uexp" 596
"../../../Engine/Content/EngineMaterials/Good64x64TilingNoiseHighFreq.uasset" 597
"../../../Engine/Content/EngineMaterials/Good64x64TilingNoiseHighFreq.uexp" 598
"../../../Engine/Content/Functions/Engine_MaterialFunctions02/Texturing/ScreenAlignedPixelToPixelUVs.uasset" 599
"../../../Engine/Content/Functions/Engine_MaterialFunctions02/Texturing/ScreenAlignedPixelToPixelUVs.uexp" 600
"../../../Engine/Plugins/Interchange/Assets/Content/gltf/MaterialFunctions/MF_Fresnel_DS.uasset" 601
"../../../Engine/Plugins/Interchange/Assets/Content/gltf/MaterialFunctions/MF_Fresnel_DS.uexp" 602
"../../../Engine/Plugins/Interchange/Assets/Content/gltf/MaterialFunctions/MF_Temporal_Blur.uasset" 603
"../../../Engine/Plugins/Interchange/Assets/Content/gltf/MaterialFunctions/MF_Temporal_Blur.uexp" 604
"../../../Engine/Plugins/Interchange/Assets/Content/gltf/MaterialFunctions/MF_Transmission.uasset" 605
"../../../Engine/Plugins/Interchange/Assets/Content/gltf/MaterialFunctions/MF_Transmission.uexp" 606
"../../../Engine/Plugins/Interchange/Assets/Content/gltf/MaterialBodies/MF_Transmission_Body.uasset" 607
"../../../Engine/Plugins/Interchange/Assets/Content/gltf/MaterialBodies/MF_Transmission_Body.uexp" 608
"../../../Engine/Plugins/Interchange/Assets/Content/gltf/M_Transmission.uasset" 609
"../../../Engine/Plugins/Interchange/Assets/Content/gltf/M_Transmission.uexp" 610
"../../../Engine/Plugins/Interchange/Assets/Content/gltf/MaterialInstances/MI_Transmission.uasset" 611
"../../../Engine/Plugins/Interchange/Assets/Content/gltf/MaterialInstances/MI_Transmission.uexp" 612
"../../../Engine/Plugins/Interchange/Assets/Content/gltf/MaterialInstances/MI_Transmission_DS.uasset" 613
"../../../Engine/Plugins/Interchange/Assets/Content/gltf/MaterialInstances/MI_Transmission_DS.uexp" 614
"../../../Engine/Plugins/Interchange/Assets/Content/gltf/MaterialBodies/MF_Unlit_Body.uasset" 615
"../../../Engine/Plugins/Interchange/Assets/Content/gltf/MaterialBodies/MF_Unlit_Body.uexp" 616
"../../../Engine/Plugins/Interchange/Assets/Content/gltf/M_Unlit.uasset" 617
"../../../Engine/Plugins/Interchange/Assets/Content/gltf/M_Unlit.uexp" 618
"../../../Engine/Plugins/Interchange/Assets/Content/gltf/MaterialInstances/MI_Unlit_Blend.uasset" 619
"../../../Engine/Plugins/Interchange/Assets/Content/gltf/MaterialInstances/MI_Unlit_Blend.uexp" 620
"../../../Engine/Plugins/Interchange/Assets/Content/gltf/MaterialInstances/MI_Unlit_Blend_DS.uasset" 621
"../../../Engine/Plugins/Interchange/Assets/Content/gltf/MaterialInstances/MI_Unlit_Blend_DS.uexp" 622
"../../../Engine/Plugins/Interchange/Assets/Content/gltf/MaterialInstances/MI_Unlit_Mask.uasset" 623
"../../../Engine/Plugins/Interchange/Assets/Content/gltf/MaterialInstances/MI_Unlit_Mask.uexp" 624
"../../../Engine/Plugins/Interchange/Assets/Content/gltf/MaterialInstances/MI_Unlit_Mask_DS.uasset" 625
"../../../Engine/Plugins/Interchange/Assets/Content/gltf/MaterialInstances/MI_Unlit_Mask_DS.uexp" 626
"../../../Engine/Plugins/Interchange/Assets/Content/gltf/MaterialInstances/MI_Unlit_Opaque.uasset" 627
"../../../Engine/Plugins/Interchange/Assets/Content/gltf/MaterialInstances/MI_Unlit_Opaque.uexp" 628
"../../../Engine/Plugins/Interchange/Assets/Content/gltf/MaterialInstances/MI_Unlit_Opaque_DS.uasset" 629
"../../../Engine/Plugins/Interchange/Assets/Content/gltf/MaterialInstances/MI_Unlit_Opaque_DS.uexp" 630
"../../../Engine/Content/VREditor/TransformGizmo/TranslucentTransformGizmoMaterial_Inst.uasset" 631
"../../../Engine/Content/VREditor/TransformGizmo/TranslucentTransformGizmoMaterial_Inst.uexp" 632
"../../../Engine/Content/VREditor/TransformGizmo/TransformGizmoMaterial_Inst.uasset" 633
"../../../Engine/Content/VREditor/TransformGizmo/TransformGizmoMaterial_Inst.uexp" 634
"../../../Engine/Content/VREditor/Sounds/UI/Drop_Item_From_ContentBrowser.ubulk" 635
"../../../Engine/Content/VREditor/Sounds/UI/Drop_Item_From_ContentBrowser.uasset" 636
"../../../Engine/Content/VREditor/Sounds/UI/Drop_Item_From_ContentBrowser.uexp" 637
"../../../Engine/Content/VREditor/TransformGizmo/UniformScaleHandle.uasset" 638
"../../../Engine/Content/VREditor/TransformGizmo/UniformScaleHandle.uexp" 639
"../../../Engine/Content/VREditor/TransformGizmo/TranslateArrowHandle.uasset" 640
"../../../Engine/Content/VREditor/TransformGizmo/TranslateArrowHandle.uexp" 641
"../../../Engine/Content/VREditor/TransformGizmo/TransformGizmoFreeRotation.uasset" 642
"../../../Engine/Content/VREditor/TransformGizmo/TransformGizmoFreeRotation.uexp" 643
"../../../Engine/Content/VREditor/TransformGizmo/StartRotationHandleIndicator.uasset" 644
"../../../Engine/Content/VREditor/TransformGizmo/StartRotationHandleIndicator.uexp" 645
"../../../Engine/Content/VREditor/TransformGizmo/RotationHandleQuarter.uasset" 646
"../../../Engine/Content/VREditor/TransformGizmo/RotationHandleQuarter.uexp" 647
"../../../Engine/Content/VREditor/TransformGizmo/RotationHandleIndicator.uasset" 648
"../../../Engine/Content/VREditor/TransformGizmo/RotationHandleIndicator.uexp" 649
"../../../Engine/Content/VREditor/TransformGizmo/RotationHandleFull.uasset" 650
"../../../Engine/Content/VREditor/TransformGizmo/RotationHandleFull.uexp" 651
"../../../Engine/Content/VREditor/TransformGizmo/PlaneTranslationHandle.uasset" 652
"../../../Engine/Content/VREditor/TransformGizmo/PlaneTranslationHandle.uexp" 653
"../../../Engine/Content/Functions/Engine_MaterialFunctions02/SplitComponents.uasset" 654
"../../../Engine/Content/Functions/Engine_MaterialFunctions02/SplitComponents.uexp" 655
"../../../Engine/Content/VREditor/SnapGrid/SnapGridMaterial.uasset" 656
"../../../Engine/Content/VREditor/SnapGrid/SnapGridMaterial.uexp" 657
"../../../Engine/Content/VREditor/SnapGrid/SnapGridPlaneMesh.uasset" 658
"../../../Engine/Content/VREditor/SnapGrid/SnapGridPlaneMesh.uexp" 659
"../../../Engine/Content/VREditor/Sounds/UI/Gizmo_Handle_Clicked.ubulk" 660
"../../../Engine/Content/VREditor/Sounds/UI/Gizmo_Handle_Clicked.uasset" 661
"../../../Engine/Content/VREditor/Sounds/UI/Gizmo_Handle_Clicked.uexp" 662
"../../../Engine/Content/VREditor/Sounds/UI/Object_PickUp.ubulk" 663
"../../../Engine/Content/VREditor/Sounds/UI/Object_PickUp.uasset" 664
"../../../Engine/Content/VREditor/Sounds/UI/Object_PickUp.uexp" 665
"../../../Engine/Content/VREditor/Sounds/UI/Object_Snaps_To_Another_Actor.ubulk" 666
"../../../Engine/Content/VREditor/Sounds/UI/Object_Snaps_To_Another_Actor.uasset" 667
"../../../Engine/Content/VREditor/Sounds/UI/Object_Snaps_To_Another_Actor.uexp" 668
"../../../Engine/Content/VREditor/Sounds/UI/Object_Snaps_To_Grid.ubulk" 669
"../../../Engine/Content/VREditor/Sounds/UI/Object_Snaps_To_Grid.uasset" 670
"../../../Engine/Content/VREditor/Sounds/UI/Object_Snaps_To_Grid.uexp" 671
"../../../Engine/Content/VREditor/Sounds/UI/Scaling_Down.ubulk" 672
"../../../Engine/Content/VREditor/Sounds/UI/Scaling_Down.uasset" 673
"../../../Engine/Content/VREditor/Sounds/UI/Scaling_Down.uexp" 674
"../../../Engine/Content/VREditor/Sounds/UI/Scaling_Up.ubulk" 675
"../../../Engine/Content/VREditor/Sounds/UI/Scaling_Up.uasset" 676
"../../../Engine/Content/VREditor/Sounds/UI/Scaling_Up.uexp" 677
"../../../Engine/Content/VREditor/Sounds/UI/Selection_Changes.ubulk" 678
"../../../Engine/Content/VREditor/Sounds/UI/Selection_Changes.uasset" 679
"../../../Engine/Content/VREditor/Sounds/UI/Selection_Changes.uexp" 680
"../../../Engine/Plugins/Animation/ControlRig/Content/Controls/ControlRig_Arrow2_1mm.uasset" 681
"../../../Engine/Plugins/Animation/ControlRig/Content/Controls/ControlRig_Arrow2_1mm.uexp" 682
"../../../Engine/Plugins/Animation/ControlRig/Content/Controls/ControlRig_Arrow2_3mm.uasset" 683
"../../../Engine/Plugins/Animation/ControlRig/Content/Controls/ControlRig_Arrow2_3mm.uexp" 684
"../../../Engine/Plugins/Animation/ControlRig/Content/Controls/ControlRig_Arrow2_solid.uasset" 685
"../../../Engine/Plugins/Animation/ControlRig/Content/Controls/ControlRig_Arrow2_solid.uexp" 686
"../../../Engine/Plugins/Animation/ControlRig/Content/Controls/ControlRig_Arrow4_1mm.uasset" 687
"../../../Engine/Plugins/Animation/ControlRig/Content/Controls/ControlRig_Arrow4_1mm.uexp" 688
"../../../Engine/Plugins/Animation/ControlRig/Content/Controls/ControlRig_Arrow4_3mm.uasset" 689
"../../../Engine/Plugins/Animation/ControlRig/Content/Controls/ControlRig_Arrow4_3mm.uexp" 690
"../../../Engine/Plugins/Animation/ControlRig/Content/Controls/ControlRig_Arrow4_solid.uasset" 691
"../../../Engine/Plugins/Animation/ControlRig/Content/Controls/ControlRig_Arrow4_solid.uexp" 692
"../../../Engine/Plugins/Animation/ControlRig/Content/Controls/ControlRig_Arrow_1mm.uasset" 693
"../../../Engine/Plugins/Animation/ControlRig/Content/Controls/ControlRig_Arrow_1mm.uexp" 694
"../../../Engine/Plugins/Animation/ControlRig/Content/Controls/ControlRig_Arrow_3mm.uasset" 695
"../../../Engine/Plugins/Animation/ControlRig/Content/Controls/ControlRig_Arrow_3mm.uexp" 696
"../../../Engine/Plugins/Animation/ControlRig/Content/Controls/ControlRig_Arrow_solid.uasset" 697
"../../../Engine/Plugins/Animation/ControlRig/Content/Controls/ControlRig_Arrow_solid.uexp" 698
"../../../Engine/Plugins/Animation/ControlRig/Content/Controls/ControlRig_Box_1mm.uasset" 699
"../../../Engine/Plugins/Animation/ControlRig/Content/Controls/ControlRig_Box_1mm.uexp" 700
"../../../Engine/Plugins/Animation/ControlRig/Content/Controls/ControlRig_Box_3mm.uasset" 701
"../../../Engine/Plugins/Animation/ControlRig/Content/Controls/ControlRig_Box_3mm.uexp" 702
"../../../Engine/Plugins/Animation/ControlRig/Content/Controls/ControlRig_Box_solid.uasset" 703
"../../../Engine/Plugins/Animation/ControlRig/Content/Controls/ControlRig_Box_solid.uexp" 704
"../../../Engine/Plugins/Animation/ControlRig/Content/Controls/ControlRig_Circle_1mm.uasset" 705
"../../../Engine/Plugins/Animation/ControlRig/Content/Controls/ControlRig_Circle_1mm.uexp" 706
"../../../Engine/Plugins/Animation/ControlRig/Content/Controls/ControlRig_Circle_3mm.uasset" 707
"../../../Engine/Plugins/Animation/ControlRig/Content/Controls/ControlRig_Circle_3mm.uexp" 708
"../../../Engine/Plugins/Animation/ControlRig/Content/Controls/ControlRig_Circle_solid.uasset" 709
"../../../Engine/Plugins/Animation/ControlRig/Content/Controls/ControlRig_Circle_solid.uexp" 710
"../../../Engine/Plugins/Animation/ControlRig/Content/Controls/ControlRig_Diamond_1mm.uasset" 711
"../../../Engine/Plugins/Animation/ControlRig/Content/Controls/ControlRig_Diamond_1mm.uexp" 712
"../../../Engine/Plugins/Animation/ControlRig/Content/Controls/ControlRig_Diamond_3mm.uasset" 713
"../../../Engine/Plugins/Animation/ControlRig/Content/Controls/ControlRig_Diamond_3mm.uexp" 714
"../../../Engine/Plugins/Animation/ControlRig/Content/Controls/ControlRig_Diamond_solid.uasset" 715
"../../../Engine/Plugins/Animation/ControlRig/Content/Controls/ControlRig_Diamond_solid.uexp" 716
"../../../Engine/Plugins/Animation/ControlRig/Content/Controls/ControlRig_HalfCircle_1mm.uasset" 717
"../../../Engine/Plugins/Animation/ControlRig/Content/Controls/ControlRig_HalfCircle_1mm.uexp" 718
"../../../Engine/Plugins/Animation/ControlRig/Content/Controls/ControlRig_HalfCircle_3mm.uasset" 719
"../../../Engine/Plugins/Animation/ControlRig/Content/Controls/ControlRig_HalfCircle_3mm.uexp" 720
"../../../Engine/Plugins/Animation/ControlRig/Content/Controls/ControlRig_HalfCircle_solid.uasset" 721
"../../../Engine/Plugins/Animation/ControlRig/Content/Controls/ControlRig_HalfCircle_solid.uexp" 722
"../../../Engine/Plugins/Animation/ControlRig/Content/Controls/ControlRig_Hexagon_1mm.uasset" 723
"../../../Engine/Plugins/Animation/ControlRig/Content/Controls/ControlRig_Hexagon_1mm.uexp" 724
"../../../Engine/Plugins/Animation/ControlRig/Content/Controls/ControlRig_Hexagon_3mm.uasset" 725
"../../../Engine/Plugins/Animation/ControlRig/Content/Controls/ControlRig_Hexagon_3mm.uexp" 726
"../../../Engine/Plugins/Animation/ControlRig/Content/Controls/ControlRig_Hexagon_solid.uasset" 727
"../../../Engine/Plugins/Animation/ControlRig/Content/Controls/ControlRig_Hexagon_solid.uexp" 728
"../../../Engine/Plugins/Animation/ControlRig/Content/Controls/ControlRig_Octagon_1mm.uasset" 729
"../../../Engine/Plugins/Animation/ControlRig/Content/Controls/ControlRig_Octagon_1mm.uexp" 730
"../../../Engine/Plugins/Animation/ControlRig/Content/Controls/ControlRig_Octagon_3mm.uasset" 731
"../../../Engine/Plugins/Animation/ControlRig/Content/Controls/ControlRig_Octagon_3mm.uexp" 732
"../../../Engine/Plugins/Animation/ControlRig/Content/Controls/ControlRig_Octagon_solid.uasset" 733
"../../../Engine/Plugins/Animation/ControlRig/Content/Controls/ControlRig_Octagon_solid.uexp" 734
"../../../Engine/Plugins/Animation/ControlRig/Content/Controls/ControlRig_Pyramid_1mm.uasset" 735
"../../../Engine/Plugins/Animation/ControlRig/Content/Controls/ControlRig_Pyramid_1mm.uexp" 736
"../../../Engine/Plugins/Animation/ControlRig/Content/Controls/ControlRig_Pyramid_3mm.uasset" 737
"../../../Engine/Plugins/Animation/ControlRig/Content/Controls/ControlRig_Pyramid_3mm.uexp" 738
"../../../Engine/Plugins/Animation/ControlRig/Content/Controls/ControlRig_Pyramid_solid.uasset" 739
"../../../Engine/Plugins/Animation/ControlRig/Content/Controls/ControlRig_Pyramid_solid.uexp" 740
"../../../Engine/Plugins/Animation/ControlRig/Content/Controls/ControlRig_QuarterCircle_1mm.uasset" 741
"../../../Engine/Plugins/Animation/ControlRig/Content/Controls/ControlRig_QuarterCircle_1mm.uexp" 742
"../../../Engine/Plugins/Animation/ControlRig/Content/Controls/ControlRig_QuarterCircle_3mm.uasset" 743
"../../../Engine/Plugins/Animation/ControlRig/Content/Controls/ControlRig_QuarterCircle_3mm.uexp" 744
"../../../Engine/Plugins/Animation/ControlRig/Content/Controls/ControlRig_QuarterCircle_solid.uasset" 745
"../../../Engine/Plugins/Animation/ControlRig/Content/Controls/ControlRig_QuarterCircle_solid.uexp" 746
"../../../Engine/Plugins/Animation/ControlRig/Content/Controls/ControlRig_RoundedSquare_1mm.uasset" 747
"../../../Engine/Plugins/Animation/ControlRig/Content/Controls/ControlRig_RoundedSquare_1mm.uexp" 748
"../../../Engine/Plugins/Animation/ControlRig/Content/Controls/ControlRig_RoundedSquare_3mm.uasset" 749
"../../../Engine/Plugins/Animation/ControlRig/Content/Controls/ControlRig_RoundedSquare_3mm.uexp" 750
"../../../Engine/Plugins/Animation/ControlRig/Content/Controls/ControlRig_RoundedSquare_solid.uasset" 751
"../../../Engine/Plugins/Animation/ControlRig/Content/Controls/ControlRig_RoundedSquare_solid.uexp" 752
"../../../Engine/Plugins/Animation/ControlRig/Content/Controls/ControlRig_RoundedTriangle_1mm.uasset" 753
"../../../Engine/Plugins/Animation/ControlRig/Content/Controls/ControlRig_RoundedTriangle_1mm.uexp" 754
"../../../Engine/Plugins/Animation/ControlRig/Content/Controls/ControlRig_RoundedTriangle_3mm.uasset" 755
"../../../Engine/Plugins/Animation/ControlRig/Content/Controls/ControlRig_RoundedTriangle_3mm.uexp" 756
"../../../Engine/Plugins/Animation/ControlRig/Content/Controls/ControlRig_RoundedTriangle_solid.uasset" 757
"../../../Engine/Plugins/Animation/ControlRig/Content/Controls/ControlRig_RoundedTriangle_solid.uexp" 758
"../../../Engine/Plugins/Animation/ControlRig/Content/Controls/ControlRig_Sphere_1mm.uasset" 759
"../../../Engine/Plugins/Animation/ControlRig/Content/Controls/ControlRig_Sphere_1mm.uexp" 760
"../../../Engine/Plugins/Animation/ControlRig/Content/Controls/ControlRig_Sphere_3mm.uasset" 761
"../../../Engine/Plugins/Animation/ControlRig/Content/Controls/ControlRig_Sphere_3mm.uexp" 762
"../../../Engine/Plugins/Animation/ControlRig/Content/Controls/ControlRig_Sphere_solid.uasset" 763
"../../../Engine/Plugins/Animation/ControlRig/Content/Controls/ControlRig_Sphere_solid.uexp" 764
"../../../Engine/Plugins/Animation/ControlRig/Content/Controls/ControlRig_Square_1mm.uasset" 765
"../../../Engine/Plugins/Animation/ControlRig/Content/Controls/ControlRig_Square_1mm.uexp" 766
"../../../Engine/Plugins/Animation/ControlRig/Content/Controls/ControlRig_Square_3mm.uasset" 767
"../../../Engine/Plugins/Animation/ControlRig/Content/Controls/ControlRig_Square_3mm.uexp" 768
"../../../Engine/Plugins/Animation/ControlRig/Content/Controls/ControlRig_Square_solid.uasset" 769
"../../../Engine/Plugins/Animation/ControlRig/Content/Controls/ControlRig_Square_solid.uexp" 770
"../../../Engine/Plugins/Animation/ControlRig/Content/Controls/ControlRig_Star4_1mm.uasset" 771
"../../../Engine/Plugins/Animation/ControlRig/Content/Controls/ControlRig_Star4_1mm.uexp" 772
"../../../Engine/Plugins/Animation/ControlRig/Content/Controls/ControlRig_Star4_3mm.uasset" 773
"../../../Engine/Plugins/Animation/ControlRig/Content/Controls/ControlRig_Star4_3mm.uexp" 774
"../../../Engine/Plugins/Animation/ControlRig/Content/Controls/ControlRig_Star4_solid.uasset" 775
"../../../Engine/Plugins/Animation/ControlRig/Content/Controls/ControlRig_Star4_solid.uexp" 776
"../../../Engine/Plugins/Animation/ControlRig/Content/Controls/ControlRig_Triangle_1mm.uasset" 777
"../../../Engine/Plugins/Animation/ControlRig/Content/Controls/ControlRig_Triangle_1mm.uexp" 778
"../../../Engine/Plugins/Animation/ControlRig/Content/Controls/ControlRig_Triangle_3mm.uasset" 779
"../../../Engine/Plugins/Animation/ControlRig/Content/Controls/ControlRig_Triangle_3mm.uexp" 780
"../../../Engine/Plugins/Animation/ControlRig/Content/Controls/ControlRig_Triangle_solid.uasset" 781
"../../../Engine/Plugins/Animation/ControlRig/Content/Controls/ControlRig_Triangle_solid.uexp" 782
"../../../Engine/Plugins/Animation/ControlRig/Content/Controls/ControlRig_Wedge_1mm.uasset" 783
"../../../Engine/Plugins/Animation/ControlRig/Content/Controls/ControlRig_Wedge_1mm.uexp" 784
"../../../Engine/Plugins/Animation/ControlRig/Content/Controls/ControlRig_Wedge_3mm.uasset" 785
"../../../Engine/Plugins/Animation/ControlRig/Content/Controls/ControlRig_Wedge_3mm.uexp" 786
"../../../Engine/Plugins/Animation/ControlRig/Content/Controls/ControlRig_Wedge_solid.uasset" 787
"../../../Engine/Plugins/Animation/ControlRig/Content/Controls/ControlRig_Wedge_solid.uexp" 788
"../../../Engine/Content/EngineMaterials/WeightMapPlaceholderTexture.uasset" 789
"../../../Engine/Content/EngineMaterials/WeightMapPlaceholderTexture.uexp" 790
"../../../Engine/Content/EngineMaterials/WeightMapArrayPlaceholderTexture.uasset" 791
"../../../Engine/Content/EngineMaterials/WeightMapArrayPlaceholderTexture.uexp" 792
"../../../Engine/Content/EngineResources/WhiteSquareTexture.uasset" 793
"../../../Engine/Content/EngineResources/WhiteSquareTexture.uexp" 794
"../../../Engine/Content/EngineMaterials/Widget3DPassThrough.uasset" 795
"../../../Engine/Content/EngineMaterials/Widget3DPassThrough.uexp" 796
"../../../Engine/Content/EngineMaterials/Widget3DPassThrough_Masked.uasset" 797
"../../../Engine/Content/EngineMaterials/Widget3DPassThrough_Masked.uexp" 798
"../../../Engine/Content/EngineMaterials/Widget3DPassThrough_Opaque.uasset" 799
"../../../Engine/Content/EngineMaterials/Widget3DPassThrough_Opaque.uexp" 800
"../../../Engine/Content/EngineMaterials/Widget3DPassThrough_Masked_OneSided.uasset" 801
"../../../Engine/Content/EngineMaterials/Widget3DPassThrough_Masked_OneSided.uexp" 802
"../../../Engine/Content/EngineMaterials/Widget3DPassThrough_Opaque_OneSided.uasset" 803
"../../../Engine/Content/EngineMaterials/Widget3DPassThrough_Opaque_OneSided.uexp" 804
"../../../Engine/Content/EngineMaterials/Widget3DPassThrough_Translucent.uasset" 805
"../../../Engine/Content/EngineMaterials/Widget3DPassThrough_Translucent.uexp" 806
"../../../Engine/Content/EngineMaterials/Widget3DPassThrough_Translucent_OneSided.uasset" 807
"../../../Engine/Content/EngineMaterials/Widget3DPassThrough_Translucent_OneSided.uexp" 808
"../../../Engine/Content/EngineResources/LandscapeVisibilityLayerInfo.uasset" 809
"../../../Engine/Content/EngineResources/LandscapeVisibilityLayerInfo.uexp" 810
"../../../Engine/Content/EditorLandscapeResources/ColorMaskBrushMaterial.uasset" 811
"../../../Engine/Content/EditorLandscapeResources/ColorMaskBrushMaterial.uexp" 812
"../../../Engine/Content/EditorLandscapeResources/ColorMaskBrushMaterial_MaskedRegion.uasset" 813
"../../../Engine/Content/EditorLandscapeResources/ColorMaskBrushMaterial_MaskedRegion.uexp" 814
"../../../Engine/Content/Functions/Engine_MaterialFunctions03/Math/WithinRangeFloat2.uasset" 815
"../../../Engine/Content/Functions/Engine_MaterialFunctions03/Math/WithinRangeFloat2.uexp" 816
"../../../Engine/Content/EditorLandscapeResources/MaskBrushMaterial.uasset" 817
"../../../Engine/Content/EditorLandscapeResources/MaskBrushMaterial.uexp" 818
"../../../Engine/Content/EditorLandscapeResources/MaskBrushMaterial_MaskedRegion.uasset" 819
"../../../Engine/Content/EditorLandscapeResources/MaskBrushMaterial_MaskedRegion.uexp" 820
"../../../Engine/Content/EditorLandscapeResources/SelectBrushMaterial.uasset" 821
"../../../Engine/Content/EditorLandscapeResources/SelectBrushMaterial.uexp" 822
"../../../Engine/Content/EditorLandscapeResources/SelectBrushMaterial_Selected.uasset" 823
"../../../Engine/Content/EditorLandscapeResources/SelectBrushMaterial_Selected.uexp" 824
"../../../Engine/Content/EditorLandscapeResources/SelectBrushMaterial_SelectedRegion.uasset" 825
"../../../Engine/Content/EditorLandscapeResources/SelectBrushMaterial_SelectedRegion.uexp" 826
"../../../Engine/Content/EngineMaterials/DefaultMaterial.uasset" 827
"../../../Engine/Content/EngineMaterials/DefaultMaterial.uexp" 828
"../../../Engine/Content/BasicShapes/Cone.uasset" 829
"../../../Engine/Content/BasicShapes/Cone.uexp" 830
"../../../Engine/Content/BasicShapes/Cube.uasset" 831
"../../../Engine/Content/BasicShapes/Cube.uexp" 832
"../../../Engine/Content/BasicShapes/Cylinder.uasset" 833
"../../../Engine/Content/BasicShapes/Cylinder.uexp" 834
"../../../Engine/Content/BasicShapes/Plane.uasset" 835
"../../../Engine/Content/BasicShapes/Plane.uexp" 836
"../../../Engine/Content/BasicShapes/Sphere.uasset" 837
"../../../Engine/Content/BasicShapes/Sphere.uexp" 838
"../../../Engine/Plugins/Media/MediaPlate/Content/SM_MediaPlateScreen.uasset" 839
"../../../Engine/Plugins/Media/MediaPlate/Content/SM_MediaPlateScreen.uexp" 840
"../../../Engine/Plugins/NNE/NNEDenoiser/Content/NNE_oidn2-3-0_rt_hdr_alb_nrm_small__dyn__fp16_opset11_DenoiseAlpha.uasset" 841
"../../../Engine/Plugins/NNE/NNEDenoiser/Content/NNE_oidn2-3-0_rt_hdr_alb_nrm_small__dyn__fp16_opset11_DenoiseAlpha.uexp" 842
"../../../Engine/Plugins/NNE/NNEDenoiser/Content/NNE_oidn2-3-0_rt_hdr_alb_nrm_small__dyn__fp16_opset11_ForwardAlpha.uasset" 843
"../../../Engine/Plugins/NNE/NNEDenoiser/Content/NNE_oidn2-3-0_rt_hdr_alb_nrm_small__dyn__fp16_opset11_ForwardAlpha.uexp" 844
"../../../Engine/Plugins/NNE/NNEDenoiser/Content/NNE_oidn2-3-0_rt_hdr_alb_nrm__dyn__fp16_opset11_DenoiseAlpha.uasset" 845
"../../../Engine/Plugins/NNE/NNEDenoiser/Content/NNE_oidn2-3-0_rt_hdr_alb_nrm__dyn__fp16_opset11_DenoiseAlpha.uexp" 846
"../../../Engine/Plugins/NNE/NNEDenoiser/Content/NNE_oidn2-3-0_rt_hdr_alb_nrm__dyn__fp16_opset11_ForwardAlpha.uasset" 847
"../../../Engine/Plugins/NNE/NNEDenoiser/Content/NNE_oidn2-3-0_rt_hdr_alb_nrm__dyn__fp16_opset11_ForwardAlpha.uexp" 848
"../../../Engine/Plugins/NNE/NNEDenoiser/Content/NNE_oidn2-3-0_rt_hdr_calb_cnrm_large__dyn__fp16_opset11_DenoiseAlpha.uasset" 849
"../../../Engine/Plugins/NNE/NNEDenoiser/Content/NNE_oidn2-3-0_rt_hdr_calb_cnrm_large__dyn__fp16_opset11_DenoiseAlpha.uexp" 850
"../../../Engine/Plugins/NNE/NNEDenoiser/Content/NNE_oidn2-3-0_rt_hdr_calb_cnrm_large__dyn__fp16_opset11_ForwardAlpha.uasset" 851
"../../../Engine/Plugins/NNE/NNEDenoiser/Content/NNE_oidn2-3-0_rt_hdr_calb_cnrm_large__dyn__fp16_opset11_ForwardAlpha.uexp" 852
"../../../Engine/Plugins/2D/Paper2D/Content/DefaultSpriteMaterial.uasset" 853
"../../../Engine/Plugins/2D/Paper2D/Content/DefaultSpriteMaterial.uexp" 854
"../../../Engine/Plugins/2D/Paper2D/Content/MaskedUnlitSpriteMaterial.uasset" 855
"../../../Engine/Plugins/2D/Paper2D/Content/MaskedUnlitSpriteMaterial.uexp" 856
"../../../Engine/Plugins/2D/Paper2D/Content/OpaqueUnlitSpriteMaterial.uasset" 857
"../../../Engine/Plugins/2D/Paper2D/Content/OpaqueUnlitSpriteMaterial.uexp" 858
"../../../Engine/Plugins/Animation/DeformerGraph/Content/DeformerFunctions/DG_Function_LinearBlendSkin_Morph_Cloth.uasset" 859
"../../../Engine/Plugins/Animation/DeformerGraph/Content/DeformerFunctions/DG_Function_LinearBlendSkin_Morph_Cloth.uexp" 860
"../../../Engine/Plugins/Animation/DeformerGraph/Content/Deformers/DG_LinearBlendSkin_Morph_Cloth.uasset" 861
"../../../Engine/Plugins/Animation/DeformerGraph/Content/Deformers/DG_LinearBlendSkin_Morph_Cloth.uexp" 862
"../../../Engine/Plugins/Animation/DeformerGraph/Content/DeformerFunctions/DG_Function_LinearBlendSkin_Morph_Cloth_PositionOnly.uasset" 863
"../../../Engine/Plugins/Animation/DeformerGraph/Content/DeformerFunctions/DG_Function_LinearBlendSkin_Morph_Cloth_PositionOnly.uexp" 864
"../../../Engine/Plugins/Animation/DeformerGraph/Content/DeformerFunctions/DG_Function_ComputeNormalsTangents.uasset" 865
"../../../Engine/Plugins/Animation/DeformerGraph/Content/DeformerFunctions/DG_Function_ComputeNormalsTangents.uexp" 866
"../../../Engine/Plugins/Animation/DeformerGraph/Content/Deformers/DG_LinearBlendSkin_Morph_Cloth_RecomputeNormals.uasset" 867
"../../../Engine/Plugins/Animation/DeformerGraph/Content/Deformers/DG_LinearBlendSkin_Morph_Cloth_RecomputeNormals.uexp" 868
"../../../Engine/Plugins/NNE/NNEDenoiser/Content/NNEDT_Oidn2-3_Balanced.uasset" 869
"../../../Engine/Plugins/NNE/NNEDenoiser/Content/NNEDT_Oidn2-3_Balanced.uexp" 870
"../../../Engine/Plugins/NNE/NNEDenoiser/Content/NNEDT_Oidn2-3_Balanced_Alpha.uasset" 871
"../../../Engine/Plugins/NNE/NNEDenoiser/Content/NNEDT_Oidn2-3_Balanced_Alpha.uexp" 872
"../../../Engine/Plugins/NNE/NNEDenoiser/Content/NNED_Oidn2-3_Balanced.uasset" 873
"../../../Engine/Plugins/NNE/NNEDenoiser/Content/NNED_Oidn2-3_Balanced.uexp" 874
"../../../Engine/Plugins/NNE/NNEDenoiser/Content/NNED_Oidn2-3_Balanced_Alpha.uasset" 875
"../../../Engine/Plugins/NNE/NNEDenoiser/Content/NNED_Oidn2-3_Balanced_Alpha.uexp" 876
"../../../Engine/Plugins/NNE/NNEDenoiser/Content/NNED_Oidn2-3_Fast.uasset" 877
"../../../Engine/Plugins/NNE/NNEDenoiser/Content/NNED_Oidn2-3_Fast.uexp" 878
"../../../Engine/Plugins/NNE/NNEDenoiser/Content/NNED_Oidn2-3_Fast_Alpha.uasset" 879
"../../../Engine/Plugins/NNE/NNEDenoiser/Content/NNED_Oidn2-3_Fast_Alpha.uexp" 880
"../../../Engine/Plugins/NNE/NNEDenoiser/Content/NNED_Oidn2-3_HighQuality.uasset" 881
"../../../Engine/Plugins/NNE/NNEDenoiser/Content/NNED_Oidn2-3_HighQuality.uexp" 882
"../../../Engine/Plugins/NNE/NNEDenoiser/Content/NNED_Oidn2-3_HighQuality_Alpha.uasset" 883
"../../../Engine/Plugins/NNE/NNEDenoiser/Content/NNED_Oidn2-3_HighQuality_Alpha.uexp" 884
"../../../Engine/Content/Maps/Entry_BuiltData.uasset" 885
"../../../Engine/Content/Maps/Entry_BuiltData.uexp" 886
"../../../Engine/Content/Maps/Entry.uexp" 887
"../../../Engine/Content/Maps/Entry.umap" 888
"../../../Engine/Content/EditorBlueprintResources/StandardMacros.uasset" 889
"../../../Engine/Content/EditorBlueprintResources/StandardMacros.uexp" 890
"../../../Engine/Content/EngineSky/T_Sky_Stars.ubulk" 891
"../../../Engine/Content/EngineSky/T_Sky_Stars.uasset" 892
"../../../Engine/Content/EngineSky/T_Sky_Stars.uexp" 893
"../../../Engine/Content/EngineSky/T_Sky_Clouds_M.ubulk" 894
"../../../Engine/Content/EngineSky/T_Sky_Clouds_M.uasset" 895
"../../../Engine/Content/EngineSky/T_Sky_Clouds_M.uexp" 896
"../../../Engine/Content/EngineSky/T_Sky_Blue.ubulk" 897
"../../../Engine/Content/EngineSky/T_Sky_Blue.uasset" 898
"../../../Engine/Content/EngineSky/T_Sky_Blue.uexp" 899
"../../../Engine/Content/EngineSky/M_Sky_Panning_Clouds2.uasset" 900
"../../../Engine/Content/EngineSky/M_Sky_Panning_Clouds2.uexp" 901
"../../../Engine/Content/EngineSky/SM_SkySphere.uasset" 902
"../../../Engine/Content/EngineSky/SM_SkySphere.uexp" 903
"../../../Engine/Content/EngineSky/C_Sky_Zenith_Color.uasset" 904
"../../../Engine/Content/EngineSky/C_Sky_Zenith_Color.uexp" 905
"../../../Engine/Content/EngineSky/C_Sky_Horizon_Color.uasset" 906
"../../../Engine/Content/EngineSky/C_Sky_Horizon_Color.uexp" 907
"../../../Engine/Content/EngineSky/C_Sky_Cloud_Color.uasset" 908
"../../../Engine/Content/EngineSky/C_Sky_Cloud_Color.uexp" 909
"../../../Engine/Content/EngineSky/BP_Sky_Sphere.uasset" 910
"../../../Engine/Content/EngineSky/BP_Sky_Sphere.uexp" 911
"../../../Engine/Content/MapTemplates/SM_Template_Map_Floor.uasset" 912
"../../../Engine/Content/MapTemplates/SM_Template_Map_Floor.uexp" 913
"G:/Dev/Repo/TestDronePointCloud/DronePointCloud01/Content/Drone_Pack/Map/Map_Demo_BuiltData.ubulk" 914
"G:/Dev/Repo/TestDronePointCloud/DronePointCloud01/Content/Drone_Pack/Map/Map_Demo_BuiltData.uasset" 915
"G:/Dev/Repo/TestDronePointCloud/DronePointCloud01/Content/Drone_Pack/Map/Map_Demo_BuiltData.uexp" 916
"../../../Engine/Content/BasicShapes/BasicShapeMaterial.uasset" 917
"../../../Engine/Content/BasicShapes/BasicShapeMaterial.uexp" 918
"G:/Dev/Repo/TestDronePointCloud/DronePointCloud01/Content/Drone_Pack/H_Mesh/SM_PhysicCube.uasset" 919
"G:/Dev/Repo/TestDronePointCloud/DronePointCloud01/Content/Drone_Pack/H_Mesh/SM_PhysicCube.uexp" 920
"G:/Dev/Repo/TestDronePointCloud/DronePointCloud01/Content/Drone_Pack/D_Mesh/DronePolice/Textures/T_DronePatrol__occlusion_.ubulk" 921
"G:/Dev/Repo/TestDronePointCloud/DronePointCloud01/Content/Drone_Pack/D_Mesh/DronePolice/Textures/T_DronePatrol__occlusion_.uasset" 922
"G:/Dev/Repo/TestDronePointCloud/DronePointCloud01/Content/Drone_Pack/D_Mesh/DronePolice/Textures/T_DronePatrol__occlusion_.uexp" 923
"G:/Dev/Repo/TestDronePointCloud/DronePointCloud01/Content/Drone_Pack/D_Mesh/DronePolice/Textures/T_DronePatrol__normals_.ubulk" 924
"G:/Dev/Repo/TestDronePointCloud/DronePointCloud01/Content/Drone_Pack/D_Mesh/DronePolice/Textures/T_DronePatrol__normals_.uasset" 925
"G:/Dev/Repo/TestDronePointCloud/DronePointCloud01/Content/Drone_Pack/D_Mesh/DronePolice/Textures/T_DronePatrol__normals_.uexp" 926
"G:/Dev/Repo/TestDronePointCloud/DronePointCloud01/Content/Drone_Pack/D_Mesh/DronePolice/Textures/T_DronePatrol__metal_.ubulk" 927
"G:/Dev/Repo/TestDronePointCloud/DronePointCloud01/Content/Drone_Pack/D_Mesh/DronePolice/Textures/T_DronePatrol__metal_.uasset" 928
"G:/Dev/Repo/TestDronePointCloud/DronePointCloud01/Content/Drone_Pack/D_Mesh/DronePolice/Textures/T_DronePatrol__metal_.uexp" 929
"G:/Dev/Repo/TestDronePointCloud/DronePointCloud01/Content/Drone_Pack/D_Mesh/DronePolice/Textures/T_DronePatrol__gloss_.ubulk" 930
"G:/Dev/Repo/TestDronePointCloud/DronePointCloud01/Content/Drone_Pack/D_Mesh/DronePolice/Textures/T_DronePatrol__gloss_.uasset" 931
"G:/Dev/Repo/TestDronePointCloud/DronePointCloud01/Content/Drone_Pack/D_Mesh/DronePolice/Textures/T_DronePatrol__gloss_.uexp" 932
"G:/Dev/Repo/TestDronePointCloud/DronePointCloud01/Content/Drone_Pack/D_Mesh/DronePolice/Textures/T_DronePatrol__emission_.ubulk" 933
"G:/Dev/Repo/TestDronePointCloud/DronePointCloud01/Content/Drone_Pack/D_Mesh/DronePolice/Textures/T_DronePatrol__emission_.uasset" 934
"G:/Dev/Repo/TestDronePointCloud/DronePointCloud01/Content/Drone_Pack/D_Mesh/DronePolice/Textures/T_DronePatrol__emission_.uexp" 935
"G:/Dev/Repo/TestDronePointCloud/DronePointCloud01/Content/Drone_Pack/D_Mesh/DronePolice/Textures/T_DronePatrol__diffuse_.ubulk" 936
"G:/Dev/Repo/TestDronePointCloud/DronePointCloud01/Content/Drone_Pack/D_Mesh/DronePolice/Textures/T_DronePatrol__diffuse_.uasset" 937
"G:/Dev/Repo/TestDronePointCloud/DronePointCloud01/Content/Drone_Pack/D_Mesh/DronePolice/Textures/T_DronePatrol__diffuse_.uexp" 938
"G:/Dev/Repo/TestDronePointCloud/DronePointCloud01/Content/Drone_Pack/D_Mesh/DronePolice/M_01_-_Default.uasset" 939
"G:/Dev/Repo/TestDronePointCloud/DronePointCloud01/Content/Drone_Pack/D_Mesh/DronePolice/M_01_-_Default.uexp" 940
"G:/Dev/Repo/TestDronePointCloud/DronePointCloud01/Content/Drone_Pack/D_Mesh/DronePolice/SM_POLICEDRONE_FL_Propeller_R2.uasset" 941
"G:/Dev/Repo/TestDronePointCloud/DronePointCloud01/Content/Drone_Pack/D_Mesh/DronePolice/SM_POLICEDRONE_FL_Propeller_R2.uexp" 942
"G:/Dev/Repo/TestDronePointCloud/DronePointCloud01/Content/Drone_Pack/D_Mesh/DronePolice/SM_POLICEDRONE_Camera.uasset" 943
"G:/Dev/Repo/TestDronePointCloud/DronePointCloud01/Content/Drone_Pack/D_Mesh/DronePolice/SM_POLICEDRONE_Camera.uexp" 944
"G:/Dev/Repo/TestDronePointCloud/DronePointCloud01/Content/Drone_Pack/D_Mesh/DronePolice/SM_POLICEDRONE_BR_Propeller_R3.uasset" 945
"G:/Dev/Repo/TestDronePointCloud/DronePointCloud01/Content/Drone_Pack/D_Mesh/DronePolice/SM_POLICEDRONE_BR_Propeller_R3.uexp" 946
"G:/Dev/Repo/TestDronePointCloud/DronePointCloud01/Content/Drone_Pack/D_Mesh/DronePolice/Textures/T_Badge__normals_.ubulk" 947
"G:/Dev/Repo/TestDronePointCloud/DronePointCloud01/Content/Drone_Pack/D_Mesh/DronePolice/Textures/T_Badge__normals_.uasset" 948
"G:/Dev/Repo/TestDronePointCloud/DronePointCloud01/Content/Drone_Pack/D_Mesh/DronePolice/Textures/T_Badge__normals_.uexp" 949
"G:/Dev/Repo/TestDronePointCloud/DronePointCloud01/Content/Drone_Pack/D_Mesh/DronePolice/Textures/T_Badge__gloss_.ubulk" 950
"G:/Dev/Repo/TestDronePointCloud/DronePointCloud01/Content/Drone_Pack/D_Mesh/DronePolice/Textures/T_Badge__gloss_.uasset" 951
"G:/Dev/Repo/TestDronePointCloud/DronePointCloud01/Content/Drone_Pack/D_Mesh/DronePolice/Textures/T_Badge__gloss_.uexp" 952
"G:/Dev/Repo/TestDronePointCloud/DronePointCloud01/Content/Drone_Pack/D_Mesh/DronePolice/Textures/T_Badge__emission_.uasset" 953
"G:/Dev/Repo/TestDronePointCloud/DronePointCloud01/Content/Drone_Pack/D_Mesh/DronePolice/Textures/T_Badge__emission_.uexp" 954
"G:/Dev/Repo/TestDronePointCloud/DronePointCloud01/Content/Drone_Pack/D_Mesh/DronePolice/Textures/T_Badge__diffuse_.ubulk" 955
"G:/Dev/Repo/TestDronePointCloud/DronePointCloud01/Content/Drone_Pack/D_Mesh/DronePolice/Textures/T_Badge__diffuse_.uasset" 956
"G:/Dev/Repo/TestDronePointCloud/DronePointCloud01/Content/Drone_Pack/D_Mesh/DronePolice/Textures/T_Badge__diffuse_.uexp" 957
"G:/Dev/Repo/TestDronePointCloud/DronePointCloud01/Content/Drone_Pack/D_Mesh/DronePolice/M_02_-_Default.uasset" 958
"G:/Dev/Repo/TestDronePointCloud/DronePointCloud01/Content/Drone_Pack/D_Mesh/DronePolice/M_02_-_Default.uexp" 959
"G:/Dev/Repo/TestDronePointCloud/DronePointCloud01/Content/Drone_Pack/D_Mesh/DronePolice/SM_POLICEDRONE_Body1.uasset" 960
"G:/Dev/Repo/TestDronePointCloud/DronePointCloud01/Content/Drone_Pack/D_Mesh/DronePolice/SM_POLICEDRONE_Body1.uexp" 961
"G:/Dev/Repo/TestDronePointCloud/DronePointCloud01/Content/Drone_Pack/D_Mesh/DronePolice/SM_POLICEDRONE_BL_Propeller_R4.uasset" 962
"G:/Dev/Repo/TestDronePointCloud/DronePointCloud01/Content/Drone_Pack/D_Mesh/DronePolice/SM_POLICEDRONE_BL_Propeller_R4.uexp" 963
"G:/Dev/Repo/TestDronePointCloud/DronePointCloud01/Content/Drone_Pack/Drone_Bp/PM_Drones.uasset" 964
"G:/Dev/Repo/TestDronePointCloud/DronePointCloud01/Content/Drone_Pack/Drone_Bp/PM_Drones.uexp" 965
"G:/Dev/Repo/TestDronePointCloud/DronePointCloud01/Content/Drone_Pack/DroneHud/T_C.ubulk" 966
"G:/Dev/Repo/TestDronePointCloud/DronePointCloud01/Content/Drone_Pack/DroneHud/T_C.uasset" 967
"G:/Dev/Repo/TestDronePointCloud/DronePointCloud01/Content/Drone_Pack/DroneHud/T_C.uexp" 968
"G:/Dev/Repo/TestDronePointCloud/DronePointCloud01/Content/Drone_Pack/DroneHud/BW_PhotoHud.uasset" 969
"G:/Dev/Repo/TestDronePointCloud/DronePointCloud01/Content/Drone_Pack/DroneHud/BW_PhotoHud.uexp" 970
"G:/Dev/Repo/TestDronePointCloud/DronePointCloud01/Content/Drone_Pack/DroneHud/BW_HUD.uasset" 971
"G:/Dev/Repo/TestDronePointCloud/DronePointCloud01/Content/Drone_Pack/DroneHud/BW_HUD.uexp" 972
"G:/Dev/Repo/TestDronePointCloud/DronePointCloud01/Content/Drone_Pack/Drone_Bp/BP_PoliceDrone.uasset" 973
"G:/Dev/Repo/TestDronePointCloud/DronePointCloud01/Content/Drone_Pack/Drone_Bp/BP_PoliceDrone.uexp" 974
"G:/Dev/Repo/TestDronePointCloud/DronePointCloud01/Content/Drone_Pack/D_Mesh/DroneSpy/Textures/T_Prepelars_albedo.ubulk" 975
"G:/Dev/Repo/TestDronePointCloud/DronePointCloud01/Content/Drone_Pack/D_Mesh/DroneSpy/Textures/T_Prepelars_albedo.uasset" 976
"G:/Dev/Repo/TestDronePointCloud/DronePointCloud01/Content/Drone_Pack/D_Mesh/DroneSpy/Textures/T_Prepelars_albedo.uexp" 977
"G:/Dev/Repo/TestDronePointCloud/DronePointCloud01/Content/Drone_Pack/D_Mesh/DroneSpy/Textures/T_Prepelars_AO.ubulk" 978
"G:/Dev/Repo/TestDronePointCloud/DronePointCloud01/Content/Drone_Pack/D_Mesh/DroneSpy/Textures/T_Prepelars_AO.uasset" 979
"G:/Dev/Repo/TestDronePointCloud/DronePointCloud01/Content/Drone_Pack/D_Mesh/DroneSpy/Textures/T_Prepelars_AO.uexp" 980
"G:/Dev/Repo/TestDronePointCloud/DronePointCloud01/Content/Drone_Pack/D_Mesh/DroneSpy/Textures/T_Prepelars_metallic.ubulk" 981
"G:/Dev/Repo/TestDronePointCloud/DronePointCloud01/Content/Drone_Pack/D_Mesh/DroneSpy/Textures/T_Prepelars_metallic.uasset" 982
"G:/Dev/Repo/TestDronePointCloud/DronePointCloud01/Content/Drone_Pack/D_Mesh/DroneSpy/Textures/T_Prepelars_metallic.uexp" 983
"G:/Dev/Repo/TestDronePointCloud/DronePointCloud01/Content/Drone_Pack/D_Mesh/DroneSpy/Textures/T_Prepelars_normal.ubulk" 984
"G:/Dev/Repo/TestDronePointCloud/DronePointCloud01/Content/Drone_Pack/D_Mesh/DroneSpy/Textures/T_Prepelars_normal.uasset" 985
"G:/Dev/Repo/TestDronePointCloud/DronePointCloud01/Content/Drone_Pack/D_Mesh/DroneSpy/Textures/T_Prepelars_normal.uexp" 986
"G:/Dev/Repo/TestDronePointCloud/DronePointCloud01/Content/Drone_Pack/D_Mesh/DroneSpy/Textures/T_Prepelars_roughness.ubulk" 987
"G:/Dev/Repo/TestDronePointCloud/DronePointCloud01/Content/Drone_Pack/D_Mesh/DroneSpy/Textures/T_Prepelars_roughness.uasset" 988
"G:/Dev/Repo/TestDronePointCloud/DronePointCloud01/Content/Drone_Pack/D_Mesh/DroneSpy/Textures/T_Prepelars_roughness.uexp" 989
"G:/Dev/Repo/TestDronePointCloud/DronePointCloud01/Content/Drone_Pack/D_Mesh/DroneSpy/M_Prepelars.uasset" 990
"G:/Dev/Repo/TestDronePointCloud/DronePointCloud01/Content/Drone_Pack/D_Mesh/DroneSpy/M_Prepelars.uexp" 991
"G:/Dev/Repo/TestDronePointCloud/DronePointCloud01/Content/Drone_Pack/D_Mesh/DroneSpy/SM_Drone01_r4.uasset" 992
"G:/Dev/Repo/TestDronePointCloud/DronePointCloud01/Content/Drone_Pack/D_Mesh/DroneSpy/SM_Drone01_r4.uexp" 993
"G:/Dev/Repo/TestDronePointCloud/DronePointCloud01/Content/Drone_Pack/D_Mesh/DroneSpy/SM_Drone01_r3.uasset" 994
"G:/Dev/Repo/TestDronePointCloud/DronePointCloud01/Content/Drone_Pack/D_Mesh/DroneSpy/SM_Drone01_r3.uexp" 995
"G:/Dev/Repo/TestDronePointCloud/DronePointCloud01/Content/Drone_Pack/D_Mesh/DroneSpy/SM_Drone01_r2.uasset" 996
"G:/Dev/Repo/TestDronePointCloud/DronePointCloud01/Content/Drone_Pack/D_Mesh/DroneSpy/SM_Drone01_r2.uexp" 997
"G:/Dev/Repo/TestDronePointCloud/DronePointCloud01/Content/Drone_Pack/D_Mesh/DroneSpy/SM_Drone01_r1.uasset" 998
"G:/Dev/Repo/TestDronePointCloud/DronePointCloud01/Content/Drone_Pack/D_Mesh/DroneSpy/SM_Drone01_r1.uexp" 999
"G:/Dev/Repo/TestDronePointCloud/DronePointCloud01/Content/Drone_Pack/D_Mesh/DroneSpy/Textures/T_cameralens_albedo.ubulk" 1000
"G:/Dev/Repo/TestDronePointCloud/DronePointCloud01/Content/Drone_Pack/D_Mesh/DroneSpy/Textures/T_cameralens_albedo.uasset" 1001
"G:/Dev/Repo/TestDronePointCloud/DronePointCloud01/Content/Drone_Pack/D_Mesh/DroneSpy/Textures/T_cameralens_albedo.uexp" 1002
"G:/Dev/Repo/TestDronePointCloud/DronePointCloud01/Content/Drone_Pack/D_Mesh/DroneSpy/Textures/T_cameralens_AO.ubulk" 1003
"G:/Dev/Repo/TestDronePointCloud/DronePointCloud01/Content/Drone_Pack/D_Mesh/DroneSpy/Textures/T_cameralens_AO.uasset" 1004
"G:/Dev/Repo/TestDronePointCloud/DronePointCloud01/Content/Drone_Pack/D_Mesh/DroneSpy/Textures/T_cameralens_AO.uexp" 1005
"G:/Dev/Repo/TestDronePointCloud/DronePointCloud01/Content/Drone_Pack/D_Mesh/DroneSpy/Textures/T_cameralens_metallic.ubulk" 1006
"G:/Dev/Repo/TestDronePointCloud/DronePointCloud01/Content/Drone_Pack/D_Mesh/DroneSpy/Textures/T_cameralens_metallic.uasset" 1007
"G:/Dev/Repo/TestDronePointCloud/DronePointCloud01/Content/Drone_Pack/D_Mesh/DroneSpy/Textures/T_cameralens_metallic.uexp" 1008
"G:/Dev/Repo/TestDronePointCloud/DronePointCloud01/Content/Drone_Pack/D_Mesh/DroneSpy/Textures/T_cameralens_normal.ubulk" 1009
"G:/Dev/Repo/TestDronePointCloud/DronePointCloud01/Content/Drone_Pack/D_Mesh/DroneSpy/Textures/T_cameralens_normal.uasset" 1010
"G:/Dev/Repo/TestDronePointCloud/DronePointCloud01/Content/Drone_Pack/D_Mesh/DroneSpy/Textures/T_cameralens_normal.uexp" 1011
"G:/Dev/Repo/TestDronePointCloud/DronePointCloud01/Content/Drone_Pack/D_Mesh/DroneSpy/Textures/T_cameralens_opacity.ubulk" 1012
"G:/Dev/Repo/TestDronePointCloud/DronePointCloud01/Content/Drone_Pack/D_Mesh/DroneSpy/Textures/T_cameralens_opacity.uasset" 1013
"G:/Dev/Repo/TestDronePointCloud/DronePointCloud01/Content/Drone_Pack/D_Mesh/DroneSpy/Textures/T_cameralens_opacity.uexp" 1014
"G:/Dev/Repo/TestDronePointCloud/DronePointCloud01/Content/Drone_Pack/D_Mesh/DroneSpy/Textures/T_cameralens_roughness.ubulk" 1015
"G:/Dev/Repo/TestDronePointCloud/DronePointCloud01/Content/Drone_Pack/D_Mesh/DroneSpy/Textures/T_cameralens_roughness.uasset" 1016
"G:/Dev/Repo/TestDronePointCloud/DronePointCloud01/Content/Drone_Pack/D_Mesh/DroneSpy/Textures/T_cameralens_roughness.uexp" 1017
"G:/Dev/Repo/TestDronePointCloud/DronePointCloud01/Content/Drone_Pack/D_Mesh/DroneSpy/M_cameralens.uasset" 1018
"G:/Dev/Repo/TestDronePointCloud/DronePointCloud01/Content/Drone_Pack/D_Mesh/DroneSpy/M_cameralens.uexp" 1019
"G:/Dev/Repo/TestDronePointCloud/DronePointCloud01/Content/Drone_Pack/D_Mesh/DroneSpy/Textures/T_camera3_albedo.ubulk" 1020
"G:/Dev/Repo/TestDronePointCloud/DronePointCloud01/Content/Drone_Pack/D_Mesh/DroneSpy/Textures/T_camera3_albedo.uasset" 1021
"G:/Dev/Repo/TestDronePointCloud/DronePointCloud01/Content/Drone_Pack/D_Mesh/DroneSpy/Textures/T_camera3_albedo.uexp" 1022
"G:/Dev/Repo/TestDronePointCloud/DronePointCloud01/Content/Drone_Pack/D_Mesh/DroneSpy/Textures/T_camera3_AO.ubulk" 1023
"G:/Dev/Repo/TestDronePointCloud/DronePointCloud01/Content/Drone_Pack/D_Mesh/DroneSpy/Textures/T_camera3_AO.uasset" 1024
"G:/Dev/Repo/TestDronePointCloud/DronePointCloud01/Content/Drone_Pack/D_Mesh/DroneSpy/Textures/T_camera3_AO.uexp" 1025
"G:/Dev/Repo/TestDronePointCloud/DronePointCloud01/Content/Drone_Pack/D_Mesh/DroneSpy/Textures/T_camera3_metallic.ubulk" 1026
"G:/Dev/Repo/TestDronePointCloud/DronePointCloud01/Content/Drone_Pack/D_Mesh/DroneSpy/Textures/T_camera3_metallic.uasset" 1027
"G:/Dev/Repo/TestDronePointCloud/DronePointCloud01/Content/Drone_Pack/D_Mesh/DroneSpy/Textures/T_camera3_metallic.uexp" 1028
"G:/Dev/Repo/TestDronePointCloud/DronePointCloud01/Content/Drone_Pack/D_Mesh/DroneSpy/Textures/T_camera3_normal.ubulk" 1029
"G:/Dev/Repo/TestDronePointCloud/DronePointCloud01/Content/Drone_Pack/D_Mesh/DroneSpy/Textures/T_camera3_normal.uasset" 1030
"G:/Dev/Repo/TestDronePointCloud/DronePointCloud01/Content/Drone_Pack/D_Mesh/DroneSpy/Textures/T_camera3_normal.uexp" 1031
"G:/Dev/Repo/TestDronePointCloud/DronePointCloud01/Content/Drone_Pack/D_Mesh/DroneSpy/Textures/T_camera3_roughness.ubulk" 1032
"G:/Dev/Repo/TestDronePointCloud/DronePointCloud01/Content/Drone_Pack/D_Mesh/DroneSpy/Textures/T_camera3_roughness.uasset" 1033
"G:/Dev/Repo/TestDronePointCloud/DronePointCloud01/Content/Drone_Pack/D_Mesh/DroneSpy/Textures/T_camera3_roughness.uexp" 1034
"G:/Dev/Repo/TestDronePointCloud/DronePointCloud01/Content/Drone_Pack/D_Mesh/DroneSpy/M_camera3.uasset" 1035
"G:/Dev/Repo/TestDronePointCloud/DronePointCloud01/Content/Drone_Pack/D_Mesh/DroneSpy/M_camera3.uexp" 1036
"G:/Dev/Repo/TestDronePointCloud/DronePointCloud01/Content/Drone_Pack/D_Mesh/DroneSpy/SM_Drone01_pCamera.uasset" 1037
"G:/Dev/Repo/TestDronePointCloud/DronePointCloud01/Content/Drone_Pack/D_Mesh/DroneSpy/SM_Drone01_pCamera.uexp" 1038
"G:/Dev/Repo/TestDronePointCloud/DronePointCloud01/Content/Drone_Pack/D_Mesh/DroneSpy/Textures/T_side3_albedo.ubulk" 1039
"G:/Dev/Repo/TestDronePointCloud/DronePointCloud01/Content/Drone_Pack/D_Mesh/DroneSpy/Textures/T_side3_albedo.uasset" 1040
"G:/Dev/Repo/TestDronePointCloud/DronePointCloud01/Content/Drone_Pack/D_Mesh/DroneSpy/Textures/T_side3_albedo.uexp" 1041
"G:/Dev/Repo/TestDronePointCloud/DronePointCloud01/Content/Drone_Pack/D_Mesh/DroneSpy/Textures/T_side3_AO.ubulk" 1042
"G:/Dev/Repo/TestDronePointCloud/DronePointCloud01/Content/Drone_Pack/D_Mesh/DroneSpy/Textures/T_side3_AO.uasset" 1043
"G:/Dev/Repo/TestDronePointCloud/DronePointCloud01/Content/Drone_Pack/D_Mesh/DroneSpy/Textures/T_side3_AO.uexp" 1044
"G:/Dev/Repo/TestDronePointCloud/DronePointCloud01/Content/Drone_Pack/D_Mesh/DroneSpy/M_side3.uasset" 1045
"G:/Dev/Repo/TestDronePointCloud/DronePointCloud01/Content/Drone_Pack/D_Mesh/DroneSpy/M_side3.uexp" 1046
"G:/Dev/Repo/TestDronePointCloud/DronePointCloud01/Content/Drone_Pack/D_Mesh/DroneSpy/Textures/T_side1_normal.ubulk" 1047
"G:/Dev/Repo/TestDronePointCloud/DronePointCloud01/Content/Drone_Pack/D_Mesh/DroneSpy/Textures/T_side1_normal.uasset" 1048
"G:/Dev/Repo/TestDronePointCloud/DronePointCloud01/Content/Drone_Pack/D_Mesh/DroneSpy/Textures/T_side1_normal.uexp" 1049
"G:/Dev/Repo/TestDronePointCloud/DronePointCloud01/Content/Drone_Pack/D_Mesh/DroneSpy/Textures/T_side2_AO.ubulk" 1050
"G:/Dev/Repo/TestDronePointCloud/DronePointCloud01/Content/Drone_Pack/D_Mesh/DroneSpy/Textures/T_side2_AO.uasset" 1051
"G:/Dev/Repo/TestDronePointCloud/DronePointCloud01/Content/Drone_Pack/D_Mesh/DroneSpy/Textures/T_side2_AO.uexp" 1052
"G:/Dev/Repo/TestDronePointCloud/DronePointCloud01/Content/Drone_Pack/D_Mesh/DroneSpy/M_side2.uasset" 1053
"G:/Dev/Repo/TestDronePointCloud/DronePointCloud01/Content/Drone_Pack/D_Mesh/DroneSpy/M_side2.uexp" 1054
"G:/Dev/Repo/TestDronePointCloud/DronePointCloud01/Content/Drone_Pack/D_Mesh/DroneSpy/Textures/T_side1_albedo.ubulk" 1055
"G:/Dev/Repo/TestDronePointCloud/DronePointCloud01/Content/Drone_Pack/D_Mesh/DroneSpy/Textures/T_side1_albedo.uasset" 1056
"G:/Dev/Repo/TestDronePointCloud/DronePointCloud01/Content/Drone_Pack/D_Mesh/DroneSpy/Textures/T_side1_albedo.uexp" 1057
"G:/Dev/Repo/TestDronePointCloud/DronePointCloud01/Content/Drone_Pack/D_Mesh/DroneSpy/Textures/T_side1_emissive.ubulk" 1058
"G:/Dev/Repo/TestDronePointCloud/DronePointCloud01/Content/Drone_Pack/D_Mesh/DroneSpy/Textures/T_side1_emissive.uasset" 1059
"G:/Dev/Repo/TestDronePointCloud/DronePointCloud01/Content/Drone_Pack/D_Mesh/DroneSpy/Textures/T_side1_emissive.uexp" 1060
"G:/Dev/Repo/TestDronePointCloud/DronePointCloud01/Content/Drone_Pack/D_Mesh/DroneSpy/Textures/T_side1_metallic.ubulk" 1061
"G:/Dev/Repo/TestDronePointCloud/DronePointCloud01/Content/Drone_Pack/D_Mesh/DroneSpy/Textures/T_side1_metallic.uasset" 1062
"G:/Dev/Repo/TestDronePointCloud/DronePointCloud01/Content/Drone_Pack/D_Mesh/DroneSpy/Textures/T_side1_metallic.uexp" 1063
"G:/Dev/Repo/TestDronePointCloud/DronePointCloud01/Content/Drone_Pack/D_Mesh/DroneSpy/M_side1.uasset" 1064
"G:/Dev/Repo/TestDronePointCloud/DronePointCloud01/Content/Drone_Pack/D_Mesh/DroneSpy/M_side1.uexp" 1065
"G:/Dev/Repo/TestDronePointCloud/DronePointCloud01/Content/Drone_Pack/D_Mesh/DroneSpy/Textures/T_inside4_albedo.ubulk" 1066
"G:/Dev/Repo/TestDronePointCloud/DronePointCloud01/Content/Drone_Pack/D_Mesh/DroneSpy/Textures/T_inside4_albedo.uasset" 1067
"G:/Dev/Repo/TestDronePointCloud/DronePointCloud01/Content/Drone_Pack/D_Mesh/DroneSpy/Textures/T_inside4_albedo.uexp" 1068
"G:/Dev/Repo/TestDronePointCloud/DronePointCloud01/Content/Drone_Pack/D_Mesh/DroneSpy/Textures/T_inside4_AO.ubulk" 1069
"G:/Dev/Repo/TestDronePointCloud/DronePointCloud01/Content/Drone_Pack/D_Mesh/DroneSpy/Textures/T_inside4_AO.uasset" 1070
"G:/Dev/Repo/TestDronePointCloud/DronePointCloud01/Content/Drone_Pack/D_Mesh/DroneSpy/Textures/T_inside4_AO.uexp" 1071
"G:/Dev/Repo/TestDronePointCloud/DronePointCloud01/Content/Drone_Pack/D_Mesh/DroneSpy/Textures/T_inside4_metallic.ubulk" 1072
"G:/Dev/Repo/TestDronePointCloud/DronePointCloud01/Content/Drone_Pack/D_Mesh/DroneSpy/Textures/T_inside4_metallic.uasset" 1073
"G:/Dev/Repo/TestDronePointCloud/DronePointCloud01/Content/Drone_Pack/D_Mesh/DroneSpy/Textures/T_inside4_metallic.uexp" 1074
"G:/Dev/Repo/TestDronePointCloud/DronePointCloud01/Content/Drone_Pack/D_Mesh/DroneSpy/Textures/T_inside4_normal.ubulk" 1075
"G:/Dev/Repo/TestDronePointCloud/DronePointCloud01/Content/Drone_Pack/D_Mesh/DroneSpy/Textures/T_inside4_normal.uasset" 1076
"G:/Dev/Repo/TestDronePointCloud/DronePointCloud01/Content/Drone_Pack/D_Mesh/DroneSpy/Textures/T_inside4_normal.uexp" 1077
"G:/Dev/Repo/TestDronePointCloud/DronePointCloud01/Content/Drone_Pack/D_Mesh/DroneSpy/Textures/T_inside4_roughness.ubulk" 1078
"G:/Dev/Repo/TestDronePointCloud/DronePointCloud01/Content/Drone_Pack/D_Mesh/DroneSpy/Textures/T_inside4_roughness.uasset" 1079
"G:/Dev/Repo/TestDronePointCloud/DronePointCloud01/Content/Drone_Pack/D_Mesh/DroneSpy/Textures/T_inside4_roughness.uexp" 1080
"G:/Dev/Repo/TestDronePointCloud/DronePointCloud01/Content/Drone_Pack/D_Mesh/DroneSpy/M_inside4.uasset" 1081
"G:/Dev/Repo/TestDronePointCloud/DronePointCloud01/Content/Drone_Pack/D_Mesh/DroneSpy/M_inside4.uexp" 1082
"G:/Dev/Repo/TestDronePointCloud/DronePointCloud01/Content/Drone_Pack/D_Mesh/DroneSpy/Textures/T_inside3_albedo.ubulk" 1083
"G:/Dev/Repo/TestDronePointCloud/DronePointCloud01/Content/Drone_Pack/D_Mesh/DroneSpy/Textures/T_inside3_albedo.uasset" 1084
"G:/Dev/Repo/TestDronePointCloud/DronePointCloud01/Content/Drone_Pack/D_Mesh/DroneSpy/Textures/T_inside3_albedo.uexp" 1085
"G:/Dev/Repo/TestDronePointCloud/DronePointCloud01/Content/Drone_Pack/D_Mesh/DroneSpy/Textures/T_inside3_AO.ubulk" 1086
"G:/Dev/Repo/TestDronePointCloud/DronePointCloud01/Content/Drone_Pack/D_Mesh/DroneSpy/Textures/T_inside3_AO.uasset" 1087
"G:/Dev/Repo/TestDronePointCloud/DronePointCloud01/Content/Drone_Pack/D_Mesh/DroneSpy/Textures/T_inside3_AO.uexp" 1088
"G:/Dev/Repo/TestDronePointCloud/DronePointCloud01/Content/Drone_Pack/D_Mesh/DroneSpy/Textures/T_inside3_metallic.ubulk" 1089
"G:/Dev/Repo/TestDronePointCloud/DronePointCloud01/Content/Drone_Pack/D_Mesh/DroneSpy/Textures/T_inside3_metallic.uasset" 1090
"G:/Dev/Repo/TestDronePointCloud/DronePointCloud01/Content/Drone_Pack/D_Mesh/DroneSpy/Textures/T_inside3_metallic.uexp" 1091
"G:/Dev/Repo/TestDronePointCloud/DronePointCloud01/Content/Drone_Pack/D_Mesh/DroneSpy/Textures/T_inside3_normal.ubulk" 1092
"G:/Dev/Repo/TestDronePointCloud/DronePointCloud01/Content/Drone_Pack/D_Mesh/DroneSpy/Textures/T_inside3_normal.uasset" 1093
"G:/Dev/Repo/TestDronePointCloud/DronePointCloud01/Content/Drone_Pack/D_Mesh/DroneSpy/Textures/T_inside3_normal.uexp" 1094
"G:/Dev/Repo/TestDronePointCloud/DronePointCloud01/Content/Drone_Pack/D_Mesh/DroneSpy/Textures/T_inside3_roughness.ubulk" 1095
"G:/Dev/Repo/TestDronePointCloud/DronePointCloud01/Content/Drone_Pack/D_Mesh/DroneSpy/Textures/T_inside3_roughness.uasset" 1096
"G:/Dev/Repo/TestDronePointCloud/DronePointCloud01/Content/Drone_Pack/D_Mesh/DroneSpy/Textures/T_inside3_roughness.uexp" 1097
"G:/Dev/Repo/TestDronePointCloud/DronePointCloud01/Content/Drone_Pack/D_Mesh/DroneSpy/M_inside3.uasset" 1098
"G:/Dev/Repo/TestDronePointCloud/DronePointCloud01/Content/Drone_Pack/D_Mesh/DroneSpy/M_inside3.uexp" 1099
"G:/Dev/Repo/TestDronePointCloud/DronePointCloud01/Content/Drone_Pack/D_Mesh/DroneSpy/Textures/T_inside2_albedo.ubulk" 1100
"G:/Dev/Repo/TestDronePointCloud/DronePointCloud01/Content/Drone_Pack/D_Mesh/DroneSpy/Textures/T_inside2_albedo.uasset" 1101
"G:/Dev/Repo/TestDronePointCloud/DronePointCloud01/Content/Drone_Pack/D_Mesh/DroneSpy/Textures/T_inside2_albedo.uexp" 1102
"G:/Dev/Repo/TestDronePointCloud/DronePointCloud01/Content/Drone_Pack/D_Mesh/DroneSpy/Textures/T_inside2_AO.ubulk" 1103
"G:/Dev/Repo/TestDronePointCloud/DronePointCloud01/Content/Drone_Pack/D_Mesh/DroneSpy/Textures/T_inside2_AO.uasset" 1104
"G:/Dev/Repo/TestDronePointCloud/DronePointCloud01/Content/Drone_Pack/D_Mesh/DroneSpy/Textures/T_inside2_AO.uexp" 1105
"G:/Dev/Repo/TestDronePointCloud/DronePointCloud01/Content/Drone_Pack/D_Mesh/DroneSpy/Textures/T_inside2_metallic.ubulk" 1106
"G:/Dev/Repo/TestDronePointCloud/DronePointCloud01/Content/Drone_Pack/D_Mesh/DroneSpy/Textures/T_inside2_metallic.uasset" 1107
"G:/Dev/Repo/TestDronePointCloud/DronePointCloud01/Content/Drone_Pack/D_Mesh/DroneSpy/Textures/T_inside2_metallic.uexp" 1108
"G:/Dev/Repo/TestDronePointCloud/DronePointCloud01/Content/Drone_Pack/D_Mesh/DroneSpy/Textures/T_inside2_normal.ubulk" 1109
"G:/Dev/Repo/TestDronePointCloud/DronePointCloud01/Content/Drone_Pack/D_Mesh/DroneSpy/Textures/T_inside2_normal.uasset" 1110
"G:/Dev/Repo/TestDronePointCloud/DronePointCloud01/Content/Drone_Pack/D_Mesh/DroneSpy/Textures/T_inside2_normal.uexp" 1111
"G:/Dev/Repo/TestDronePointCloud/DronePointCloud01/Content/Drone_Pack/D_Mesh/DroneSpy/Textures/T_inside2_roughness.ubulk" 1112
"G:/Dev/Repo/TestDronePointCloud/DronePointCloud01/Content/Drone_Pack/D_Mesh/DroneSpy/Textures/T_inside2_roughness.uasset" 1113
"G:/Dev/Repo/TestDronePointCloud/DronePointCloud01/Content/Drone_Pack/D_Mesh/DroneSpy/Textures/T_inside2_roughness.uexp" 1114
"G:/Dev/Repo/TestDronePointCloud/DronePointCloud01/Content/Drone_Pack/D_Mesh/DroneSpy/M_inside2.uasset" 1115
"G:/Dev/Repo/TestDronePointCloud/DronePointCloud01/Content/Drone_Pack/D_Mesh/DroneSpy/M_inside2.uexp" 1116
"G:/Dev/Repo/TestDronePointCloud/DronePointCloud01/Content/Drone_Pack/D_Mesh/DroneSpy/Textures/T_inside1_albedo.ubulk" 1117
"G:/Dev/Repo/TestDronePointCloud/DronePointCloud01/Content/Drone_Pack/D_Mesh/DroneSpy/Textures/T_inside1_albedo.uasset" 1118
"G:/Dev/Repo/TestDronePointCloud/DronePointCloud01/Content/Drone_Pack/D_Mesh/DroneSpy/Textures/T_inside1_albedo.uexp" 1119
"G:/Dev/Repo/TestDronePointCloud/DronePointCloud01/Content/Drone_Pack/D_Mesh/DroneSpy/Textures/T_inside1_AO.ubulk" 1120
"G:/Dev/Repo/TestDronePointCloud/DronePointCloud01/Content/Drone_Pack/D_Mesh/DroneSpy/Textures/T_inside1_AO.uasset" 1121
"G:/Dev/Repo/TestDronePointCloud/DronePointCloud01/Content/Drone_Pack/D_Mesh/DroneSpy/Textures/T_inside1_AO.uexp" 1122
"G:/Dev/Repo/TestDronePointCloud/DronePointCloud01/Content/Drone_Pack/D_Mesh/DroneSpy/Textures/T_inside1_metallic.ubulk" 1123
"G:/Dev/Repo/TestDronePointCloud/DronePointCloud01/Content/Drone_Pack/D_Mesh/DroneSpy/Textures/T_inside1_metallic.uasset" 1124
"G:/Dev/Repo/TestDronePointCloud/DronePointCloud01/Content/Drone_Pack/D_Mesh/DroneSpy/Textures/T_inside1_metallic.uexp" 1125
"G:/Dev/Repo/TestDronePointCloud/DronePointCloud01/Content/Drone_Pack/D_Mesh/DroneSpy/Textures/T_inside1_normal.ubulk" 1126
"G:/Dev/Repo/TestDronePointCloud/DronePointCloud01/Content/Drone_Pack/D_Mesh/DroneSpy/Textures/T_inside1_normal.uasset" 1127
"G:/Dev/Repo/TestDronePointCloud/DronePointCloud01/Content/Drone_Pack/D_Mesh/DroneSpy/Textures/T_inside1_normal.uexp" 1128
"G:/Dev/Repo/TestDronePointCloud/DronePointCloud01/Content/Drone_Pack/D_Mesh/DroneSpy/Textures/T_inside1_roughness.ubulk" 1129
"G:/Dev/Repo/TestDronePointCloud/DronePointCloud01/Content/Drone_Pack/D_Mesh/DroneSpy/Textures/T_inside1_roughness.uasset" 1130
"G:/Dev/Repo/TestDronePointCloud/DronePointCloud01/Content/Drone_Pack/D_Mesh/DroneSpy/Textures/T_inside1_roughness.uexp" 1131
"G:/Dev/Repo/TestDronePointCloud/DronePointCloud01/Content/Drone_Pack/D_Mesh/DroneSpy/M_inside1.uasset" 1132
"G:/Dev/Repo/TestDronePointCloud/DronePointCloud01/Content/Drone_Pack/D_Mesh/DroneSpy/M_inside1.uexp" 1133
"G:/Dev/Repo/TestDronePointCloud/DronePointCloud01/Content/Drone_Pack/D_Mesh/DroneSpy/Textures/T_Connect_albedo.ubulk" 1134
"G:/Dev/Repo/TestDronePointCloud/DronePointCloud01/Content/Drone_Pack/D_Mesh/DroneSpy/Textures/T_Connect_albedo.uasset" 1135
"G:/Dev/Repo/TestDronePointCloud/DronePointCloud01/Content/Drone_Pack/D_Mesh/DroneSpy/Textures/T_Connect_albedo.uexp" 1136
"G:/Dev/Repo/TestDronePointCloud/DronePointCloud01/Content/Drone_Pack/D_Mesh/DroneSpy/Textures/T_Connect_AO.ubulk" 1137
"G:/Dev/Repo/TestDronePointCloud/DronePointCloud01/Content/Drone_Pack/D_Mesh/DroneSpy/Textures/T_Connect_AO.uasset" 1138
"G:/Dev/Repo/TestDronePointCloud/DronePointCloud01/Content/Drone_Pack/D_Mesh/DroneSpy/Textures/T_Connect_AO.uexp" 1139
"G:/Dev/Repo/TestDronePointCloud/DronePointCloud01/Content/Drone_Pack/D_Mesh/DroneSpy/Textures/T_Connect_metallic.ubulk" 1140
"G:/Dev/Repo/TestDronePointCloud/DronePointCloud01/Content/Drone_Pack/D_Mesh/DroneSpy/Textures/T_Connect_metallic.uasset" 1141
"G:/Dev/Repo/TestDronePointCloud/DronePointCloud01/Content/Drone_Pack/D_Mesh/DroneSpy/Textures/T_Connect_metallic.uexp" 1142
"G:/Dev/Repo/TestDronePointCloud/DronePointCloud01/Content/Drone_Pack/D_Mesh/DroneSpy/Textures/T_Connect_normal.ubulk" 1143
"G:/Dev/Repo/TestDronePointCloud/DronePointCloud01/Content/Drone_Pack/D_Mesh/DroneSpy/Textures/T_Connect_normal.uasset" 1144
"G:/Dev/Repo/TestDronePointCloud/DronePointCloud01/Content/Drone_Pack/D_Mesh/DroneSpy/Textures/T_Connect_normal.uexp" 1145
"G:/Dev/Repo/TestDronePointCloud/DronePointCloud01/Content/Drone_Pack/D_Mesh/DroneSpy/Textures/T_Connect_roughness.ubulk" 1146
"G:/Dev/Repo/TestDronePointCloud/DronePointCloud01/Content/Drone_Pack/D_Mesh/DroneSpy/Textures/T_Connect_roughness.uasset" 1147
"G:/Dev/Repo/TestDronePointCloud/DronePointCloud01/Content/Drone_Pack/D_Mesh/DroneSpy/Textures/T_Connect_roughness.uexp" 1148
"G:/Dev/Repo/TestDronePointCloud/DronePointCloud01/Content/Drone_Pack/D_Mesh/DroneSpy/M_Connect.uasset" 1149
"G:/Dev/Repo/TestDronePointCloud/DronePointCloud01/Content/Drone_Pack/D_Mesh/DroneSpy/M_Connect.uexp" 1150
"G:/Dev/Repo/TestDronePointCloud/DronePointCloud01/Content/Drone_Pack/D_Mesh/DroneSpy/Textures/T_camera2_albedo.ubulk" 1151
"G:/Dev/Repo/TestDronePointCloud/DronePointCloud01/Content/Drone_Pack/D_Mesh/DroneSpy/Textures/T_camera2_albedo.uasset" 1152
"G:/Dev/Repo/TestDronePointCloud/DronePointCloud01/Content/Drone_Pack/D_Mesh/DroneSpy/Textures/T_camera2_albedo.uexp" 1153
"G:/Dev/Repo/TestDronePointCloud/DronePointCloud01/Content/Drone_Pack/D_Mesh/DroneSpy/Textures/T_camera2_AO.ubulk" 1154
"G:/Dev/Repo/TestDronePointCloud/DronePointCloud01/Content/Drone_Pack/D_Mesh/DroneSpy/Textures/T_camera2_AO.uasset" 1155
"G:/Dev/Repo/TestDronePointCloud/DronePointCloud01/Content/Drone_Pack/D_Mesh/DroneSpy/Textures/T_camera2_AO.uexp" 1156
"G:/Dev/Repo/TestDronePointCloud/DronePointCloud01/Content/Drone_Pack/D_Mesh/DroneSpy/Textures/T_camera2_metallic.ubulk" 1157
"G:/Dev/Repo/TestDronePointCloud/DronePointCloud01/Content/Drone_Pack/D_Mesh/DroneSpy/Textures/T_camera2_metallic.uasset" 1158
"G:/Dev/Repo/TestDronePointCloud/DronePointCloud01/Content/Drone_Pack/D_Mesh/DroneSpy/Textures/T_camera2_metallic.uexp" 1159
"G:/Dev/Repo/TestDronePointCloud/DronePointCloud01/Content/Drone_Pack/D_Mesh/DroneSpy/Textures/T_camera2_normal.ubulk" 1160
"G:/Dev/Repo/TestDronePointCloud/DronePointCloud01/Content/Drone_Pack/D_Mesh/DroneSpy/Textures/T_camera2_normal.uasset" 1161
"G:/Dev/Repo/TestDronePointCloud/DronePointCloud01/Content/Drone_Pack/D_Mesh/DroneSpy/Textures/T_camera2_normal.uexp" 1162
"G:/Dev/Repo/TestDronePointCloud/DronePointCloud01/Content/Drone_Pack/D_Mesh/DroneSpy/Textures/T_camera2_roughness.ubulk" 1163
"G:/Dev/Repo/TestDronePointCloud/DronePointCloud01/Content/Drone_Pack/D_Mesh/DroneSpy/Textures/T_camera2_roughness.uasset" 1164
"G:/Dev/Repo/TestDronePointCloud/DronePointCloud01/Content/Drone_Pack/D_Mesh/DroneSpy/Textures/T_camera2_roughness.uexp" 1165
"G:/Dev/Repo/TestDronePointCloud/DronePointCloud01/Content/Drone_Pack/D_Mesh/DroneSpy/M_camera2.uasset" 1166
"G:/Dev/Repo/TestDronePointCloud/DronePointCloud01/Content/Drone_Pack/D_Mesh/DroneSpy/M_camera2.uexp" 1167
"G:/Dev/Repo/TestDronePointCloud/DronePointCloud01/Content/Drone_Pack/D_Mesh/DroneSpy/Textures/T_camera1_albedo.ubulk" 1168
"G:/Dev/Repo/TestDronePointCloud/DronePointCloud01/Content/Drone_Pack/D_Mesh/DroneSpy/Textures/T_camera1_albedo.uasset" 1169
"G:/Dev/Repo/TestDronePointCloud/DronePointCloud01/Content/Drone_Pack/D_Mesh/DroneSpy/Textures/T_camera1_albedo.uexp" 1170
"G:/Dev/Repo/TestDronePointCloud/DronePointCloud01/Content/Drone_Pack/D_Mesh/DroneSpy/Textures/T_camera1_AO.ubulk" 1171
"G:/Dev/Repo/TestDronePointCloud/DronePointCloud01/Content/Drone_Pack/D_Mesh/DroneSpy/Textures/T_camera1_AO.uasset" 1172
"G:/Dev/Repo/TestDronePointCloud/DronePointCloud01/Content/Drone_Pack/D_Mesh/DroneSpy/Textures/T_camera1_AO.uexp" 1173
"G:/Dev/Repo/TestDronePointCloud/DronePointCloud01/Content/Drone_Pack/D_Mesh/DroneSpy/Textures/T_camera1_metallic.ubulk" 1174
"G:/Dev/Repo/TestDronePointCloud/DronePointCloud01/Content/Drone_Pack/D_Mesh/DroneSpy/Textures/T_camera1_metallic.uasset" 1175
"G:/Dev/Repo/TestDronePointCloud/DronePointCloud01/Content/Drone_Pack/D_Mesh/DroneSpy/Textures/T_camera1_metallic.uexp" 1176
"G:/Dev/Repo/TestDronePointCloud/DronePointCloud01/Content/Drone_Pack/D_Mesh/DroneSpy/Textures/T_camera1_normal.ubulk" 1177
"G:/Dev/Repo/TestDronePointCloud/DronePointCloud01/Content/Drone_Pack/D_Mesh/DroneSpy/Textures/T_camera1_normal.uasset" 1178
"G:/Dev/Repo/TestDronePointCloud/DronePointCloud01/Content/Drone_Pack/D_Mesh/DroneSpy/Textures/T_camera1_normal.uexp" 1179
"G:/Dev/Repo/TestDronePointCloud/DronePointCloud01/Content/Drone_Pack/D_Mesh/DroneSpy/Textures/T_camera1_roughness.ubulk" 1180
"G:/Dev/Repo/TestDronePointCloud/DronePointCloud01/Content/Drone_Pack/D_Mesh/DroneSpy/Textures/T_camera1_roughness.uasset" 1181
"G:/Dev/Repo/TestDronePointCloud/DronePointCloud01/Content/Drone_Pack/D_Mesh/DroneSpy/Textures/T_camera1_roughness.uexp" 1182
"G:/Dev/Repo/TestDronePointCloud/DronePointCloud01/Content/Drone_Pack/D_Mesh/DroneSpy/M_camera1.uasset" 1183
"G:/Dev/Repo/TestDronePointCloud/DronePointCloud01/Content/Drone_Pack/D_Mesh/DroneSpy/M_camera1.uexp" 1184
"G:/Dev/Repo/TestDronePointCloud/DronePointCloud01/Content/Drone_Pack/D_Mesh/DroneSpy/Textures/T_body1_albedo.ubulk" 1185
"G:/Dev/Repo/TestDronePointCloud/DronePointCloud01/Content/Drone_Pack/D_Mesh/DroneSpy/Textures/T_body1_albedo.uasset" 1186
"G:/Dev/Repo/TestDronePointCloud/DronePointCloud01/Content/Drone_Pack/D_Mesh/DroneSpy/Textures/T_body1_albedo.uexp" 1187
"G:/Dev/Repo/TestDronePointCloud/DronePointCloud01/Content/Drone_Pack/D_Mesh/DroneSpy/Textures/T_body1_metallic.ubulk" 1188
"G:/Dev/Repo/TestDronePointCloud/DronePointCloud01/Content/Drone_Pack/D_Mesh/DroneSpy/Textures/T_body1_metallic.uasset" 1189
"G:/Dev/Repo/TestDronePointCloud/DronePointCloud01/Content/Drone_Pack/D_Mesh/DroneSpy/Textures/T_body1_metallic.uexp" 1190
"G:/Dev/Repo/TestDronePointCloud/DronePointCloud01/Content/Drone_Pack/D_Mesh/DroneSpy/Textures/T_body1_normal.ubulk" 1191
"G:/Dev/Repo/TestDronePointCloud/DronePointCloud01/Content/Drone_Pack/D_Mesh/DroneSpy/Textures/T_body1_normal.uasset" 1192
"G:/Dev/Repo/TestDronePointCloud/DronePointCloud01/Content/Drone_Pack/D_Mesh/DroneSpy/Textures/T_body1_normal.uexp" 1193
"G:/Dev/Repo/TestDronePointCloud/DronePointCloud01/Content/Drone_Pack/D_Mesh/DroneSpy/Textures/T_body1_roughness.ubulk" 1194
"G:/Dev/Repo/TestDronePointCloud/DronePointCloud01/Content/Drone_Pack/D_Mesh/DroneSpy/Textures/T_body1_roughness.uasset" 1195
"G:/Dev/Repo/TestDronePointCloud/DronePointCloud01/Content/Drone_Pack/D_Mesh/DroneSpy/Textures/T_body1_roughness.uexp" 1196
"G:/Dev/Repo/TestDronePointCloud/DronePointCloud01/Content/Drone_Pack/D_Mesh/DroneSpy/M_body1.uasset" 1197
"G:/Dev/Repo/TestDronePointCloud/DronePointCloud01/Content/Drone_Pack/D_Mesh/DroneSpy/M_body1.uexp" 1198
"G:/Dev/Repo/TestDronePointCloud/DronePointCloud01/Content/Drone_Pack/D_Mesh/DroneSpy/Textures/T_back_albedo.ubulk" 1199
"G:/Dev/Repo/TestDronePointCloud/DronePointCloud01/Content/Drone_Pack/D_Mesh/DroneSpy/Textures/T_back_albedo.uasset" 1200
"G:/Dev/Repo/TestDronePointCloud/DronePointCloud01/Content/Drone_Pack/D_Mesh/DroneSpy/Textures/T_back_albedo.uexp" 1201
"G:/Dev/Repo/TestDronePointCloud/DronePointCloud01/Content/Drone_Pack/D_Mesh/DroneSpy/Textures/T_back_AO.ubulk" 1202
"G:/Dev/Repo/TestDronePointCloud/DronePointCloud01/Content/Drone_Pack/D_Mesh/DroneSpy/Textures/T_back_AO.uasset" 1203
"G:/Dev/Repo/TestDronePointCloud/DronePointCloud01/Content/Drone_Pack/D_Mesh/DroneSpy/Textures/T_back_AO.uexp" 1204
"G:/Dev/Repo/TestDronePointCloud/DronePointCloud01/Content/Drone_Pack/D_Mesh/DroneSpy/Textures/T_back_metallic.ubulk" 1205
"G:/Dev/Repo/TestDronePointCloud/DronePointCloud01/Content/Drone_Pack/D_Mesh/DroneSpy/Textures/T_back_metallic.uasset" 1206
"G:/Dev/Repo/TestDronePointCloud/DronePointCloud01/Content/Drone_Pack/D_Mesh/DroneSpy/Textures/T_back_metallic.uexp" 1207
"G:/Dev/Repo/TestDronePointCloud/DronePointCloud01/Content/Drone_Pack/D_Mesh/DroneSpy/Textures/T_back_normal.ubulk" 1208
"G:/Dev/Repo/TestDronePointCloud/DronePointCloud01/Content/Drone_Pack/D_Mesh/DroneSpy/Textures/T_back_normal.uasset" 1209
"G:/Dev/Repo/TestDronePointCloud/DronePointCloud01/Content/Drone_Pack/D_Mesh/DroneSpy/Textures/T_back_normal.uexp" 1210
"G:/Dev/Repo/TestDronePointCloud/DronePointCloud01/Content/Drone_Pack/D_Mesh/DroneSpy/Textures/T_back_roughness.ubulk" 1211
"G:/Dev/Repo/TestDronePointCloud/DronePointCloud01/Content/Drone_Pack/D_Mesh/DroneSpy/Textures/T_back_roughness.uasset" 1212
"G:/Dev/Repo/TestDronePointCloud/DronePointCloud01/Content/Drone_Pack/D_Mesh/DroneSpy/Textures/T_back_roughness.uexp" 1213
"G:/Dev/Repo/TestDronePointCloud/DronePointCloud01/Content/Drone_Pack/D_Mesh/DroneSpy/M_back.uasset" 1214
"G:/Dev/Repo/TestDronePointCloud/DronePointCloud01/Content/Drone_Pack/D_Mesh/DroneSpy/M_back.uexp" 1215
"G:/Dev/Repo/TestDronePointCloud/DronePointCloud01/Content/Drone_Pack/D_Mesh/DroneSpy/SM_Drone01Body.uasset" 1216
"G:/Dev/Repo/TestDronePointCloud/DronePointCloud01/Content/Drone_Pack/D_Mesh/DroneSpy/SM_Drone01Body.uexp" 1217
"G:/Dev/Repo/TestDronePointCloud/DronePointCloud01/Content/Drone_Pack/Drone_Bp/BP_Drone01.uasset" 1218
"G:/Dev/Repo/TestDronePointCloud/DronePointCloud01/Content/Drone_Pack/Drone_Bp/BP_Drone01.uexp" 1219
"G:/Dev/Repo/TestDronePointCloud/DronePointCloud01/Content/Drone_Pack/Material/mattest01.uasset" 1220
"G:/Dev/Repo/TestDronePointCloud/DronePointCloud01/Content/Drone_Pack/Material/mattest01.uexp" 1221
"G:/Dev/Repo/TestDronePointCloud/DronePointCloud01/Content/Drone_Pack/Map/Map_Demo.uexp" 1222
"G:/Dev/Repo/TestDronePointCloud/DronePointCloud01/Content/Drone_Pack/Map/Map_Demo.umap" 1223
